<?xml version="1.0" encoding="UTF-8"?>
<!-- This item is a fill-in-the-blank question with a hint -->
<qti-assessment-item xmlns="http://www.imsglobal.org/xsd/imsqtiasi_v3p0" 
                     xmlns:xsi="http://www.w3.org/2001/XMLSchema-instance" 
                     xsi:schemaLocation="http://www.imsglobal.org/xsd/imsqtiasi_v3p0 https://purl.imsglobal.org/spec/qti/v3p0/schema/xsd/imsqti_asiv3p0_v1p0.xsd" 
                     identifier="QUE_102011" title="Question 04" adaptive="false" time-dependent="false">
 <qti-response-declaration identifier="RESPONSE" cardinality="single" base-type="string">
  <qti-mapping default-value="0">
   <qti-map-entry map-key="Skinner Box" case-sensitive="false" mapped-value="100"/>
  </qti-mapping>
 </qti-response-declaration>
 <qti-outcome-declaration identifier="FEEDBACK" cardinality="single" base-type="identifier"/>
 <qti-outcome-declaration identifier="SCORE" cardinality="single" base-type="float"/>
 <qti-outcome-declaration identifier="MAXSCORE" cardinality="single" base-type="float">
  <qti-default-value>
   <qti-value>100</qti-value>
  </qti-default-value>
 </qti-outcome-declaration>
 <qti-item-body>
  <p>An operant conditioning chamber (also referred to as a [_____]) is a laboratory apparatus used
   in experimental psychology to study animal cognition. </p>
  <p><qti-text-entry-interaction response-identifier="RESPONSE" expected-length="30"/></p>
  <qti-info-control title="Hint">This is a hint</qti-info-control>
 </qti-item-body>
 <qti-response-processing template="https://www.imsglobal.org/question/qti_v3p0/rptemplates/CC2_map_response.xml"/>
 <qti-modal-feedback outcome-identifier="FEEDBACK" identifier="general" show-hide="hide"> general
  feedback</qti-modal-feedback>
 <qti-modal-feedback outcome-identifier="FEEDBACK" identifier="incorrect" show-hide="show"> incorrect
  feedback </qti-modal-feedback>
 <qti-modal-feedback outcome-identifier="FEEDBACK" identifier="correct" show-hide="show"> correct feedback
 </qti-modal-feedback>
</qti-assessment-item>