<?xml version="1.0" encoding="UTF-8"?>
<!-- This item is multiple choice question with a single response and feedback after submission -->
<qti-assessment-item 
    xmlns="http://www.imsglobal.org/xsd/imsqtiasi_v3p0" 
    xmlns:xsi="http://www.w3.org/2001/XMLSchema-instance" 
    xsi:schemaLocation="http://www.imsglobal.org/xsd/imsqtiasi_v3p0 https://purl.imsglobal.org/spec/qti/v3p0/schema/xsd/imsqti_asiv3p0_v1p0.xsd" 
    identifier="QUE_104049" title="Question 10" adaptive="false" time-dependent="false">
    <qti-response-declaration identifier="RESPONSE" cardinality="single" base-type="identifier">
        <qti-correct-response>
            <qti-value>QUE_104049_A4</qti-value>
        </qti-correct-response>
    </qti-response-declaration>
    <qti-outcome-declaration identifier="FEEDBACK" cardinality="single" base-type="identifier"/>
    <qti-outcome-declaration identifier="FEEDBACKBASIC" cardinality="single" base-type="identifier"/>
    <qti-outcome-declaration identifier="SCORE" cardinality="single" base-type="float"/>
    <qti-outcome-declaration identifier="MAXSCORE" cardinality="single" base-type="float">
        <qti-default-value>
            <qti-value>100</qti-value>
        </qti-default-value>
    </qti-outcome-declaration>
    <qti-item-body>
        <qti-choice-interaction response-identifier="RESPONSE" shuffle="false" max-choices="1">
            <qti-prompt>A psychologist practicing which specialty is most likely to study neurons and
                neurotransmitters?</qti-prompt>
            <qti-simple-choice identifier="QUE_104049_A1" fixed="true"> physiological <qti-feedback-inline outcome-identifier="FEEDBACK" show-hide="show" identifier="QUE_104049_A1">Feedback for
                    1</qti-feedback-inline>
            </qti-simple-choice>
            <qti-simple-choice identifier="QUE_104049_A2" fixed="true"> cognitive <qti-feedback-inline outcome-identifier="FEEDBACK" show-hide="show" identifier="QUE_104049_A2">Feedback for
                    2</qti-feedback-inline>
            </qti-simple-choice>
            <qti-simple-choice identifier="QUE_104049_A3" fixed="true"> humanistic <qti-feedback-inline outcome-identifier="FEEDBACK" show-hide="show" identifier="QUE_104049_A3">Feedback for
                    3</qti-feedback-inline>
            </qti-simple-choice>
            <qti-simple-choice identifier="QUE_104049_A4" fixed="true"> eclectic <qti-feedback-inline outcome-identifier="FEEDBACK" show-hide="show" identifier="QUE_104049_A4">Feedback for
                    4</qti-feedback-inline>
            </qti-simple-choice>
        </qti-choice-interaction>
    </qti-item-body>
    <qti-response-processing template="https://www.imsglobal.org/question/qti_v3p0/rptemplates/CC2_match.xml"/>
    <qti-modal-feedback outcome-identifier="FEEDBACK" show-hide="hide" identifier="general">
        <qti-content-body>This is some general feedback</qti-content-body>
    </qti-modal-feedback>
    <qti-modal-feedback outcome-identifier="FEEDBACKBASIC" show-hide="show" identifier="correct">
        <qti-content-body>Congratulations! you got it right.</qti-content-body>
    </qti-modal-feedback>
    <qti-modal-feedback outcome-identifier="FEEDBACKBASIC" show-hide="show" identifier="incorrect">
        <qti-content-body>I am sorry, that is not correct.</qti-content-body>
    </qti-modal-feedback>
</qti-assessment-item>