<?xml version="1.0" encoding="UTF-8"?>
<!-- This item is a multiple response multiple choice question with a hint -->
<qti-assessment-item xmlns="http://www.imsglobal.org/xsd/imsqtiasi_v3p0" 
                     xmlns:xsi="http://www.w3.org/2001/XMLSchema-instance" 
                     xsi:schemaLocation="http://www.imsglobal.org/xsd/imsqtiasi_v3p0 https://purl.imsglobal.org/spec/qti/v3p0/schema/xsd/imsqti_asiv3p0_v1p0.xsd" 
                     identifier="QUE_102012" title="Question 06" adaptive="false" time-dependent="false">
 <qti-response-declaration identifier="RESPONSE" cardinality="multiple" base-type="identifier">
  <qti-correct-response>
   <qti-value>answer_1</qti-value>
   <qti-value>answer_3</qti-value>
   <qti-value>answer_4</qti-value>
  </qti-correct-response>
 </qti-response-declaration>
 <qti-outcome-declaration identifier="FEEDBACKBASIC" cardinality="single" base-type="identifier"/>
 <qti-outcome-declaration identifier="FEEDBACK" cardinality="multiple" base-type="identifier"/>
 <qti-outcome-declaration identifier="SCORE" cardinality="single" base-type="float"/>
 <qti-outcome-declaration identifier="MAXSCORE" cardinality="single" base-type="float">
  <qti-default-value>
   <qti-value>100</qti-value>
  </qti-default-value>
 </qti-outcome-declaration>
 <qti-item-body>
  <qti-choice-interaction response-identifier="RESPONSE" shuffle="false" max-choices="4">
   <qti-prompt>Select all of the following that are schools of psychology.</qti-prompt>
   <qti-simple-choice identifier="answer_1" fixed="true"> Behaviorism <qti-feedback-inline outcome-identifier="FEEDBACK" identifier="answer_1" show-hide="show">Correct</qti-feedback-inline></qti-simple-choice>
   <qti-simple-choice identifier="answer_2" fixed="true"> Abstractionism <qti-feedback-inline outcome-identifier="FEEDBACK" identifier="answer_2" show-hide="show">That's not correct;
     it's a term from art history</qti-feedback-inline></qti-simple-choice>
   <qti-simple-choice identifier="answer_3" fixed="true"> Functionalism <qti-feedback-inline outcome-identifier="FEEDBACK" identifier="answer_3" show-hide="show">Correct</qti-feedback-inline></qti-simple-choice>
   <qti-simple-choice identifier="answer_4" fixed="true"> Structuralism <qti-feedback-inline outcome-identifier="FEEDBACK" identifier="answer_4" show-hide="show">Correct</qti-feedback-inline></qti-simple-choice>
  </qti-choice-interaction>
  <qti-info-control title="Hint">This is a hint</qti-info-control>
 </qti-item-body>
 <qti-response-processing template="https://www.imsglobal.org/question/qti_v3p0/rptemplates/CC2_match.xml"/>
 <qti-modal-feedback outcome-identifier="FEEDBACK" show-hide="hide" identifier="general"> general feedback </qti-modal-feedback>
 <qti-modal-feedback outcome-identifier="FEEDBACKBASIC" show-hide="show" identifier="correct">
  Congratulations! you got it right.</qti-modal-feedback>
 <qti-modal-feedback outcome-identifier="FEEDBACKBASIC" show-hide="show" identifier="incorrect"> I am
  sorry, that is not correct.</qti-modal-feedback>
</qti-assessment-item>