<?xml version="1.0" encoding="UTF-8" standalone="yes"?>
<manifest xmlns="http://www.imsglobal.org/xsd/qti/qtiv3p0/imscp_v1p1" xmlns:imsmd="http://ltsc.ieee.org/xsd/LOM" 
          xmlns:imsqti="http://www.imsglobal.org/xsd/imsqtiasi_v3p0" xmlns:xsi="http://www.w3.org/2001/XMLSchema-instance" 
          xsi:schemaLocation="http://www.imsglobal.org/xsd/imsqtiasi_v3p0 https://purl.imsglobal.org/spec/qti/v3p0/schema/xsd/imsqti_asiv3p0_v1p0.xsd  http://ltsc.ieee.org/xsd/LOM https://purl.imsglobal.org/spec/md/v1p3/schema/xsd/imsmd_loose_v1p3p2.xsd  http://www.imsglobal.org/xsd/qti/qtiv3p0/imscp_v1p1 https://purl.imsglobal.org/spec/qti/v3p0/schema/xsd/imsqtiv3p0_imscpv1p2_v1p0.xsd " 
          identifier="kjhgkjhg567">
    <metadata>
        <schema>QTI Package</schema>
        <schemaversion>3.0.0</schemaversion>
        <imsmd:lom>
            <imsmd:general>
                <imsmd:identifier>
                    <imsmd:entry>FB-Test-01</imsmd:entry>
                </imsmd:identifier>
                <imsmd:title>
                    <imsmd:string language="en">Feedback Examples Test</imsmd:string>
                </imsmd:title>
                <imsmd:language>en</imsmd:language>
                <imsmd:description>
                    <imsmd:string language="en">A collection of feedback examples delivered as a test, in which testFeedback is used to give feedback on scores.</imsmd:string>
                </imsmd:description>
                <imsmd:keyword>
                    <imsmd:string language="en">feedback</imsmd:string>
                </imsmd:keyword>
                <imsmd:keyword>
                    <imsmd:string language="en">feedbackInline</imsmd:string>
                </imsmd:keyword>
                <imsmd:keyword>
                    <imsmd:string language="en">feedbackBlock</imsmd:string>
                </imsmd:keyword>
                <imsmd:keyword>
                    <imsmd:string language="en">modalFeedback</imsmd:string>
                </imsmd:keyword>
                <imsmd:keyword>
                    <imsmd:string language="en">modal</imsmd:string>
                </imsmd:keyword>
                <imsmd:keyword>
                    <imsmd:string language="en">testFeedback</imsmd:string>
                </imsmd:keyword>
                <imsmd:keyword>
                    <imsmd:string language="en">test</imsmd:string>
                </imsmd:keyword>
            </imsmd:general>
            <imsmd:lifeCycle>
                <imsmd:contribute>
                    <imsmd:role>
                        <imsmd:source>LOMv1.0</imsmd:source>
                        <imsmd:value>Creator</imsmd:value>
                    </imsmd:role>
                    <imsmd:entity>BEGIN:VCARD FN:Sue Milne  END:VCARD</imsmd:entity>
                    <imsmd:date>
                        <imsmd:dateTime>2012-05-18</imsmd:dateTime>
                        <imsmd:description>
                            <imsmd:string language="en"/>
                        </imsmd:description>
                    </imsmd:date>
                </imsmd:contribute>
                <imsmd:contribute>
                    <imsmd:role>
                        <imsmd:source>LOMv1.0</imsmd:source>
                        <imsmd:value>Editor</imsmd:value>
                    </imsmd:role>
                    <imsmd:entity>BEGIN:VCARD FN:FETLAR END:VCARD</imsmd:entity>
                    <imsmd:date>
                        <imsmd:dateTime>2012-05-18</imsmd:dateTime>
                        <imsmd:description>
                            <imsmd:string language="en"/>
                        </imsmd:description>
                    </imsmd:date>
                </imsmd:contribute>
            </imsmd:lifeCycle>
            <imsmd:metaMetadata>
                <imsmd:identifier>
                    <imsmd:entry>urn:www.fetlar.ac.uk:8cfaf17d-f591-4442-83a0-2ef334fe97cf</imsmd:entry>
                </imsmd:identifier>
                <imsmd:contribute>
                    <imsmd:role>
                        <imsmd:source>LOMv1.0</imsmd:source>
                        <imsmd:value>Creator</imsmd:value>
                    </imsmd:role>
                    <imsmd:entity>BEGIN:VCARD FN:FETLAR END:VCARD</imsmd:entity>
                </imsmd:contribute>
                <imsmd:metadataschema>LOMv1.0</imsmd:metadataschema>
                <imsmd:metadataschema>JORUMv1.0</imsmd:metadataschema>
                <imsmd:language>en</imsmd:language>
            </imsmd:metaMetadata>
            <imsmd:technical>
                <imsmd:format>text/x-imsqti-test-xml</imsmd:format>
                <imsmd:size>46058</imsmd:size>
                <imsmd:location/>
                <imsmd:otherPlatformRequirements>
                    <imsmd:string language="en">QTIv3.0</imsmd:string>
                </imsmd:otherPlatformRequirements>
            </imsmd:technical>
            <imsmd:educational>
                <imsmd:learningResourceType>
                    <imsmd:source>RDNLTSNType</imsmd:source>
                    <imsmd:value>ExaminationTest</imsmd:value>
                </imsmd:learningResourceType>
                <imsmd:context>
                    <imsmd:source>LOMv1.0</imsmd:source>
                    <imsmd:value>higher education</imsmd:value>
                </imsmd:context>
                <imsmd:description>
                    <imsmd:string>A test</imsmd:string>
                </imsmd:description>
                <imsmd:language>en</imsmd:language>
            </imsmd:educational>
            <imsmd:rights>
                <imsmd:copyrightAndOtherRestrictions>
                    <imsmd:source>LOMv1.0</imsmd:source>
                    <imsmd:value>yes</imsmd:value>
                </imsmd:copyrightAndOtherRestrictions>
                <imsmd:description>
                    <imsmd:string language="en">{{CC-URL}}</imsmd:string>
                </imsmd:description>
            </imsmd:rights>
            <imsmd:classification>
                <imsmd:purpose>
                    <imsmd:source>LOMv1.0</imsmd:source>
                    <imsmd:value>Discipline</imsmd:value>
                </imsmd:purpose>
                <imsmd:taxonPath>
                    <imsmd:source>
                        <imsmd:string>jacs</imsmd:string>
                    </imsmd:source>
                    <imsmd:taxon>
                        <imsmd:id>G1</imsmd:id>
                        <imsmd:entry>
                            <imsmd:string language="en">Mathematics</imsmd:string>
                        </imsmd:entry>
                    </imsmd:taxon>
                </imsmd:taxonPath>
            </imsmd:classification>
            <imsmd:classification>
                <imsmd:purpose>
                    <imsmd:source>LOMv1.0</imsmd:source>
                    <imsmd:value>Educational Level</imsmd:value>
                </imsmd:purpose>
                <imsmd:taxonPath>
                    <imsmd:source>
                        <imsmd:string>UKEL</imsmd:string>
                    </imsmd:source>
                    <imsmd:taxon>
                        <imsmd:id>ukel10</imsmd:id>
                        <imsmd:entry>
                            <imsmd:string language="en">UK Educational Level 10</imsmd:string>
                        </imsmd:entry>
                    </imsmd:taxon>
                </imsmd:taxonPath>
            </imsmd:classification>
        </imsmd:lom>
    </metadata>
    <organizations/>
    <resources>
        <resource href="assessment.xml" type="imsqti_test_xmlv3p0" identifier="TEST">
            <file href="assessment.xml"/>
            <dependency identifierref="id-fa3ee5852723"/>
            <dependency identifierref="id-38d47747fb30"/>
            <dependency identifierref="id-5e216df10030"/>
            <dependency identifierref="id-aaa0bbf5da1d"/>
            <dependency identifierref="id-d599169403d2"/>
            <dependency identifierref="id-9c33d141576e"/>
        </resource>
        <resource href="id-fa3ee5852723/Example01-modalFeedback.xml" type="imsqti_item_xmlv3p0" identifier="id-fa3ee5852723">
            <metadata>
                <imsmd:lom>
                    <imsmd:general>
                        <imsmd:description>
                            <imsmd:string language="en">This question is an XML file imported into Spectatus.</imsmd:string>
                        </imsmd:description>
                    </imsmd:general>
                </imsmd:lom>
            </metadata>
            <file href="id-fa3ee5852723/Example01-modalFeedback.xml"/>
        </resource>
        <resource href="id-38d47747fb30/Example02-feedbackInline.xml" type="imsqti_item_xmlv3p0" identifier="id-38d47747fb30">
            <metadata>
                <imsmd:lom>
                    <imsmd:general>
                        <imsmd:description>
                            <imsmd:string language="en">This question is an XML file imported into Spectatus.</imsmd:string>
                        </imsmd:description>
                    </imsmd:general>
                </imsmd:lom>
            </metadata>
            <file href="id-38d47747fb30/Example02-feedbackInline.xml"/>
        </resource>
        <resource href="id-5e216df10030/Example03-feedbackBlock-solution.xml" type="imsqti_item_xmlv3p0" identifier="id-5e216df10030">
            <metadata>
                <imsmd:lom>
                    <imsmd:general>
                        <imsmd:description>
                            <imsmd:string language="en">This question is an XML file imported into Spectatus.</imsmd:string>
                        </imsmd:description>
                    </imsmd:general>
                </imsmd:lom>
            </metadata>
            <file href="id-5e216df10030/Example03-feedbackBlock-solution.xml"/>
        </resource>
        <resource href="id-aaa0bbf5da1d/Example03-feedbackBlock-solution-random.xml" type="imsqti_item_xmlv3p0" identifier="id-aaa0bbf5da1d">
            <metadata>
                <imsmd:lom>
                    <imsmd:general>
                        <imsmd:description>
                            <imsmd:string language="en">This question is an XML file imported into Spectatus.</imsmd:string>
                        </imsmd:description>
                    </imsmd:general>
                </imsmd:lom>
            </metadata>
            <file href="id-aaa0bbf5da1d/Example03-feedbackBlock-solution-random.xml"/>
        </resource>
        <resource href="id-d599169403d2/Example04-feedbackBlock-templateBlock.xml" type="imsqti_item_xmlv3p0" identifier="id-d599169403d2">
            <metadata>
                <imsmd:lom>
                    <imsmd:general>
                        <imsmd:description>
                            <imsmd:string language="en">This question is an XML file imported into Spectatus.</imsmd:string>
                        </imsmd:description>
                    </imsmd:general>
                </imsmd:lom>
            </metadata>
            <file href="id-d599169403d2/Example04-feedbackBlock-templateBlock.xml"/>
        </resource>
        <resource href="id-9c33d141576e/Example05-feedbackBlock-adaptive.xml" type="imsqti_item_xmlv3p0" identifier="id-9c33d141576e">
            <metadata>
                <imsmd:lom>
                    <imsmd:general>
                        <imsmd:description>
                            <imsmd:string language="en">This question is an XML file imported into Spectatus.</imsmd:string>
                        </imsmd:description>
                    </imsmd:general>
                </imsmd:lom>
            </metadata>
            <file href="id-9c33d141576e/Example05-feedbackBlock-adaptive.xml"/>
        </resource>
    </resources>
</manifest>