<?xml version="1.0" encoding="UTF-8" standalone="no"?>
<qti-assessment-item xmlns="http://www.imsglobal.org/xsd/imsqtiasi_v3p0" xmlns:xsi="http://www.w3.org/2001/XMLSchema-instance" xsi:schema-location="http://www.imsglobal.org/xsd/imsqtiasi_v3p0 http://www.imsglobal.org/xsd/qti/qtiv3p0/imsqti_itemv3p0_v1p0.xsd" adaptive="false" identifier="qti3-inline-choice-01" time-dependent="false" title="Richard III (take 2) Inline Choice qti3">
  <qti-response-declaration base-type="identifier" cardinality="single" identifier="RESPONSE">
    <qti-correct-response>
      <qti-value>Y</qti-value>
    </qti-correct-response>
  </qti-response-declaration>
  <qti-response-declaration base-type="identifier" cardinality="single" identifier="RESPONSE1"/>
  <qti-response-declaration base-type="identifier" cardinality="single" identifier="RESPONSE2"/>
  <qti-response-declaration base-type="identifier" cardinality="single" identifier="RESPONSE3"/>
  <qti-response-declaration base-type="identifier" cardinality="single" identifier="RESPONSE4"/>
  <qti-response-declaration base-type="identifier" cardinality="single" identifier="RESPONSE5"/>
  <qti-response-declaration base-type="identifier" cardinality="single" identifier="RESPONSE6"/>
  <qti-response-declaration base-type="identifier" cardinality="single" identifier="RESPONSE7"/>
  <qti-response-declaration base-type="identifier" cardinality="single" identifier="RESPONSE8"/>
  <qti-response-declaration base-type="identifier" cardinality="single" identifier="RESPONSE9"/>
  <qti-response-declaration base-type="identifier" cardinality="single" identifier="RESPONSE10"/>
  <qti-outcome-declaration base-type="float" cardinality="single" identifier="SCORE"/>
  <qti-item-body>
    <p>Identify the missing word in this famous quote from Shakespeare's Richard III.</p>
    <blockquote>
      <p>Now is the winter of our discontent
      <br/>Made glorious summer by this sun of 
      <qti-inline-choice-interaction response-identifier="RESPONSE" shuffle="false">
        <qti-inline-choice identifier="G">Gloucester</qti-inline-choice>
        <qti-inline-choice identifier="L">Lancaster</qti-inline-choice>
        <qti-inline-choice identifier="Y">York</qti-inline-choice>
      </qti-inline-choice-interaction>;
      <br/>And all the clouds that lour'd upon our house
      <br/>In the deep bosom of the ocean buried.</p>
    </blockquote>
    
    <p>qti-input-width-1 : <qti-inline-choice-interaction class="qti-input-width-1 baseline" response-identifier="RESPONSE1" shuffle="false">
        <qti-inline-choice identifier="G">Gloucester</qti-inline-choice>
        <qti-inline-choice identifier="L">Lancaster</qti-inline-choice>
        <qti-inline-choice identifier="Y">York</qti-inline-choice>
      </qti-inline-choice-interaction></p>
      
    <p>qti-input-width-2 : <qti-inline-choice-interaction class="qti-input-width-2 baseline" response-identifier="RESPONSE2" shuffle="false">
        <qti-inline-choice identifier="G">Gloucester</qti-inline-choice>
        <qti-inline-choice identifier="L">Lancaster</qti-inline-choice>
        <qti-inline-choice identifier="Y">York</qti-inline-choice>
      </qti-inline-choice-interaction></p>

    <p>qti-input-width-3 : <qti-inline-choice-interaction class="qti-input-width-3 baseline" response-identifier="RESPONSE3" shuffle="false">
        <qti-inline-choice identifier="G">Gloucester</qti-inline-choice>
        <qti-inline-choice identifier="L">Lancaster</qti-inline-choice>
        <qti-inline-choice identifier="Y">York</qti-inline-choice>
      </qti-inline-choice-interaction></p>

    <p>qti-input-width-4 : <qti-inline-choice-interaction class="qti-input-width-4 baseline" response-identifier="RESPONSE4" shuffle="false">
        <qti-inline-choice identifier="G">Gloucester</qti-inline-choice>
        <qti-inline-choice identifier="L">Lancaster</qti-inline-choice>
        <qti-inline-choice identifier="Y">York</qti-inline-choice>
      </qti-inline-choice-interaction></p>
      
    <p>qti-input-width-6 : <qti-inline-choice-interaction class="qti-input-width-6 baseline" response-identifier="RESPONSE5" shuffle="false">
        <qti-inline-choice identifier="G">Gloucester</qti-inline-choice>
        <qti-inline-choice identifier="L">Lancaster</qti-inline-choice>
        <qti-inline-choice identifier="Y">York</qti-inline-choice>
      </qti-inline-choice-interaction></p>
      
    <p>qti-input-width-10 : <qti-inline-choice-interaction class="qti-input-width-10 baseline" response-identifier="RESPONSE6" shuffle="false">
        <qti-inline-choice identifier="G">Gloucester</qti-inline-choice>
        <qti-inline-choice identifier="L">Lancaster</qti-inline-choice>
        <qti-inline-choice identifier="Y">York</qti-inline-choice>
      </qti-inline-choice-interaction></p>
      
    <p>qti-input-width-15 : <qti-inline-choice-interaction class="qti-input-width-15 baseline" response-identifier="RESPONSE7" shuffle="false">
        <qti-inline-choice identifier="G">Gloucester</qti-inline-choice>
        <qti-inline-choice identifier="L">Lancaster</qti-inline-choice>
        <qti-inline-choice identifier="Y">York</qti-inline-choice>
      </qti-inline-choice-interaction></p>
      
      
    <p>qti-input-width-20 : <qti-inline-choice-interaction class="qti-input-width-20 baseline" response-identifier="RESPONSE8" shuffle="false">
        <qti-inline-choice identifier="G">Gloucester</qti-inline-choice>
        <qti-inline-choice identifier="L">Lancaster</qti-inline-choice>
        <qti-inline-choice identifier="Y">York</qti-inline-choice>
      </qti-inline-choice-interaction></p>
      
      
    <p>qti-input-width-72 : <qti-inline-choice-interaction class="qti-input-width-72 baseline" response-identifier="RESPONSE9" shuffle="false">
        <qti-inline-choice identifier="G">Gloucester</qti-inline-choice>
        <qti-inline-choice identifier="L">Lancaster</qti-inline-choice>
        <qti-inline-choice identifier="Y">York</qti-inline-choice>
      </qti-inline-choice-interaction></p>
      
    <p>
      qti-input-width-10, data-prompt:Select an Answer<br/>
      <math xmlns="http://www.w3.org/1998/Math/MathML">
        <mrow> <mn>14</mn> <mo class="sign">×</mo> <mrow> <mi>tan</mi> <mo>⁡</mo> <mfenced> <mrow> <mn>67</mn> </mrow> </mfenced> </mrow>
        </mrow> 
      </math> = <qti-inline-choice-interaction class="qti-input-width-10 baseline" data-prompt="Select an Answer" response-identifier="RESPONSE10">
        <qti-inline-choice identifier="G">Gloucester</qti-inline-choice>
        <qti-inline-choice identifier="L">Lancaster</qti-inline-choice>
        <qti-inline-choice identifier="Y">York</qti-inline-choice>
      </qti-inline-choice-interaction>      
    </p>
    
    <br/><br/>
    
  </qti-item-body>
</qti-assessment-item>