<?xml version="1.0" encoding="UTF-8"?>
<qti-assessment-item xmlns="http://www.imsglobal.org/xsd/imsqtiasi_v3p0"
	xmlns:xsi="http://www.w3.org/2001/XMLSchema-instance"
	xsi:schemaLocation="http://www.imsglobal.org/xsd/imsqtiasi_v3p0 https://purl.imsglobal.org/spec/qti/v3p0/schema/xsd/imsqti_asiv3p0_v1p0.xsd" 
	identifier="Item3" title="Where did the crocodile come from" 
        adaptive="false" time-dependent="false">
    <qti-response-declaration identifier="RESPONSE" base-type="identifier" cardinality="single">
        <qti-correct-response>
            <qti-value>B</qti-value>
        </qti-correct-response>
    </qti-response-declaration>
    <qti-outcome-declaration identifier="SCORE" cardinality="single" base-type="float">
        <qti-default-value>
            <qti-value>0</qti-value>
        </qti-default-value>
    </qti-outcome-declaration>
    <qti-outcome-declaration identifier="MAXSCORE" cardinality="single" base-type="float">
        <qti-default-value>
            <qti-value>1</qti-value>
        </qti-default-value>
    </qti-outcome-declaration>

    <qti-assessment-stimulus-ref identifier="Stimulus1" href="passages/unbelievableNight.xml"/>
    
    <qti-item-body>
        <!-- Use QTI 3 Shared CSS vocabulary to make this a two-column layout where the stimulus is in the 
             left column and the stem + interaction are in the right column. 
        -->
        <div class="qti-layout-row">
            <div class="qti-layout-col6">
            
                 <!-- Be explicit about the placement of the stimulus in the qti-item-body.  Here, we place the
                      stimulus in the left-most column of the two-column item layout by specifying a docking <div> with 
                      data-stimulus-idref that refers to the identifier of the above qti-assessment-stimulus-ref.
                 -->
                 <div class="qti-shared-stimulus" data-stimulus-idref="Stimulus1"></div>
                 
            </div> <!-- /left col6 -->
            
            <div class="qti-layout-col6">
                 <qti-choice-interaction max-choices="1" shuffle="false" response-identifier="RESPONSE">
                      <qti-prompt data-catalog-idref="content4">Where did the crocodile come from?</qti-prompt>
                      <qti-simple-choice identifier="A" data-catalog-idref="content3">the bathroom</qti-simple-choice>
                      <qti-simple-choice identifier="B" data-catalog-idref="content6">a magazine cover</qti-simple-choice>
                      <qti-simple-choice identifier="C" data-catalog-idref="content7">under the bed</qti-simple-choice>
                      <qti-simple-choice identifier="D" data-catalog-idref="content5">a nearby river</qti-simple-choice>
                 </qti-choice-interaction>
            </div> <!-- /right col6 -->
            
        </div> <!-- /row -->
    </qti-item-body>
    <qti-catalog-info>
        <qti-catalog id="content4">
            <qti-card support="braille">
                <qti-html-content>Where did the crocodile come from?</qti-html-content>
            </qti-card>
            <qti-card support="spoken">
                <qti-card-entry data-reading-type="computer-read-aloud">
                    <qti-html-content>Where did the crocodile come from?</qti-html-content>
                </qti-card-entry>
            </qti-card>
        </qti-catalog>
        <qti-catalog id="content3">
            <qti-card support="braille">
                <qti-html-content>the bathroom</qti-html-content>
            </qti-card>
            <qti-card support="spoken">
                <qti-card-entry data-reading-type="computer-read-aloud">
                    <qti-html-content>the bathroom</qti-html-content>
                </qti-card-entry>
            </qti-card>
        </qti-catalog>
        <qti-catalog id="content6">
            <qti-card support="braille">
                <qti-html-content>a magazine cover</qti-html-content>
            </qti-card>
            <qti-card support="spoken">
                <qti-card-entry data-reading-type="computer-read-aloud">
                    <qti-html-content>a magazine cover</qti-html-content>
                </qti-card-entry>
            </qti-card>
        </qti-catalog>
        <qti-catalog id="content7">
            <qti-card support="braille">
                <qti-html-content>under the bed</qti-html-content>
            </qti-card>
            <qti-card support="spoken">
                <qti-card-entry data-reading-type="computer-read-aloud">
                    <qti-html-content>under the bed</qti-html-content>
                </qti-card-entry>
            </qti-card>
        </qti-catalog>
        <qti-catalog id="content5">
            <qti-card support="braille">
                <qti-html-content>a nearby river</qti-html-content>
            </qti-card>
            <qti-card support="spoken">
                <qti-card-entry data-reading-type="computer-read-aloud">
                    <qti-html-content>a nearby river</qti-html-content>
                </qti-card-entry>
            </qti-card>
        </qti-catalog>
    </qti-catalog-info>
    <qti-response-processing>
        <qti-response-condition>
            <qti-response-if>
                <qti-match>
                    <qti-variable identifier="RESPONSE"/>
                    <qti-correct identifier="RESPONSE"/>
                </qti-match>
                <qti-set-outcome-value identifier="SCORE">
                    <qti-variable identifier="MAXSCORE"/>
                </qti-set-outcome-value>
            </qti-response-if>
        </qti-response-condition>
    </qti-response-processing>
</qti-assessment-item>
