<?xml version="1.0" encoding="UTF-8" standalone="no"?><assessmentItem xmlns="http://www.imsglobal.org/xsd/imsqti_v2p1" xmlns:pci="http://www.imsglobal.org/xsd/portableCustomInteraction" xmlns:xi="http://www.w3.org/2001/XInclude" xmlns:xsi="http://www.w3.org/2001/XMLSchema-instance" adaptive="false" identifier="IASC082102C_04_D_T" timeDependent="false" title="IASC082102C_04_D_T" xsi:schemaLocation="http://www.imsglobal.org/xsd/imsqti_v2p1 http://www.imsglobal.org/xsd/qti/qtiv2p1/imsqti_v2p1.xsd">
	<responseDeclaration baseType="identifier" cardinality="multiple" identifier="RESPONSE_A"/>
	<responseDeclaration baseType="identifier" cardinality="single" identifier="RESPONSE_B1">
		<correctResponse>
			<value>ic1_2_poo3U</value>
		</correctResponse>
	</responseDeclaration>
	<responseDeclaration baseType="identifier" cardinality="single" identifier="RESPONSE_B2">
		<correctResponse>
			<value>ic2_1_wm4dx</value>
		</correctResponse>
	</responseDeclaration>
	<responseDeclaration cardinality="record" identifier="RESPONSE_MICE"/>
	<outcomeDeclaration baseType="float" cardinality="single" identifier="SCORE" normalMaximum="1.0" normalMinimum="0.0"/>
	<outcomeDeclaration baseType="float" cardinality="single" identifier="SCORE_B" normalMaximum="1.0" normalMinimum="0.0"/>
	<itemBody>
		<div class="row pane-scrolling pane-expansion-dual">
			<div class="span7 left-pane questionCell">
				<div class="stimulus">
					<div class="passage-scrolling passage540">
						<customInteraction class="tei-pci" data-pci-height="620px" data-pci-width="100%" responseIdentifier="RESPONSE_MICE">
							<pci:portableCustomInteraction customInteractionTypeIdentifier="pearson.com:pci:TCCWidget">
								<pci:responseSchema href="http://imsglobal.org/schema/json/v1.0/response.json"/>
								<pci:properties>
									<pci:property key="prompt"/>
									<pci:property key="params">
										{"customConfigParam":"customConfigValue"}
									</pci:property>
									<pci:property key="itemIdentifier">tcc-mice</pci:property>
								</pci:properties>

								<pci:markup>

									<div id="app"/>

									<div id="static-string-table" style="visibility:hidden">
										<span class="string-table-entry" data-qti-suppress-tts="computer-read-aloud" id="LABEL_PARENT_FEMALE">Female Parent</span>
										<span class="string-table-entry" data-qti-suppress-tts="computer-read-aloud" id="LABEL_PARENT_MALE">Male Parent</span>
										<span class="string-table-entry" data-qti-suppress-tts="computer-read-aloud" id="LABEL_CHART_OFFSPRING_COLORS">Offspring Fur Colors</span>
										<span class="string-table-entry" data-qti-suppress-tts="computer-read-aloud" id="LABEL_TAN">Tan</span>
										<span class="string-table-entry" data-qti-suppress-tts="computer-read-aloud" id="LABEL_GRAY">Gray</span>
										<span class="string-table-entry" data-qti-suppress-tts="computer-read-aloud" id="LABEL_MOUSE_FEMALE">Female Mouse</span>
										<span class="string-table-entry" data-qti-suppress-tts="computer-read-aloud" id="LABEL_MOUSE_MALE">Male Mouse</span>
										<span class="string-table-entry" data-qti-suppress-tts="computer-read-aloud" id="LABEL_TOTAL_OFFSPRING">Total Offspring</span>
										<span class="string-table-entry" data-qti-suppress-tts="computer-read-aloud" id="BUTTON_REWIND">Rewind</span>
										<span class="string-table-entry" data-qti-suppress-tts="computer-read-aloud" id="BUTTON_START">Start</span>
										<span class="string-table-entry" data-qti-suppress-tts="computer-read-aloud" id="BUTTON_PAUSE">Pause</span>
									</div>

									<div class="qti-hidden">
									</div>

								</pci:markup>

								<pci:modules>
									<pci:module fallbackPath="modules/interactiveBridge.js" id="Bridge" primaryPath="modules/interactiveBridge.js"/>
									<pci:module fallbackPath="modules/custom.js" id="customModule" primaryPath="modules/customModule.js"/>
								</pci:modules>
							</pci:portableCustomInteraction>
						</customInteraction>
					</div>
				</div>
			</div>
	<div class="span5 right-pane answerCell"><div class="abbi-richtext"><h3 class="semantic-marker part-label">This question has two parts.</h3> <p><span class="keyword_glossary:idref" data-glossary-idref="yX1ps" id="rZm7p">Click here to learn how to use the simulation.</span></p> <h3 class="semantic-marker part-label">Part A</h3> <p>The allele for gray fur color <span class="ssml-sub:uppercase%20G" id="F6Yov">(<strong>G</strong>)</span> is dominant to the allele for tan fur color <span class="ssml-sub:lowercase%20g" id="b9Tj6">(<strong>g</strong>).</span></p> <p>YOUR GOAL: <span class="abbi-ttschunk"><strong>Use the simulation to determine the genotype of Male</strong></span> <span class="nobreak"><strong>Mouse R</strong></span> <strong>and Male</strong> <span class="nobreak"><strong>Mouse S</strong></span><strong>.</strong></p> <ul><li>Use the<span class="abbi-ttschunk"><strong> Male Mouse</strong></span> control to select Male Mouse R.</li><li>Use the <span class="abbi-ttschunk"><strong>Female Mouse </strong></span>control to select a female mouse. </li><li>Save the trial that best identifies the genotype of Male Mouse R.</li><li>Then select a new trial and repeat the process for Male Mouse S.</li></ul> <p>Select the <span class="abbi-ttschunk"><strong>two</strong></span> simulation trials that <span class="abbi-ttschunk"><strong>best</strong></span> helped you determine the genotype of Male <span class="nobreak">Mouse R</span> and Male <span class="nobreak">Mouse S.</span></p></div><choiceInteraction maxChoices="2" minChoices="1" orientation="vertical" responseIdentifier="RESPONSE_A" shuffle="false"><simpleChoice identifier="A_rJdR8"> <p>Trial A</p> </simpleChoice><simpleChoice identifier="B_mRpv9"> <p>Trial B</p> </simpleChoice><simpleChoice identifier="C_ITVpO"> <p>Trial C</p> </simpleChoice><simpleChoice identifier="D_rbYQV"> <p>Trial D</p> </simpleChoice><simpleChoice identifier="E_thz15"> <p>Trial E</p> </simpleChoice></choiceInteraction><div class="abbi-richtext"><h3 class="semantic-marker part-label">Part B</h3> <p>Select from the drop‑down menus to complete the table indicating the genotype of each male mouse.</p></div><div class="abbi-inlineChoice"><table border="1" cellpadding="8" style="border-collapse: collapse;"><tbody><tr><th style="width: 50%;">Mouse</th><th style="width: 50%;"> <p>Genotype</p> </th></tr><tr><td style="width: 50%; text-align: center;">R</td><td style="width: 50%;"> <p class="margin0auto"><inlineChoiceInteraction class="input-medium baseline" responseIdentifier="RESPONSE_B1" shuffle="false"><inlineChoice identifier="ic1_1_KkYuQ">GG</inlineChoice><inlineChoice identifier="ic1_2_poo3U">Gg</inlineChoice><inlineChoice identifier="ic1_3_lx5au">gg</inlineChoice></inlineChoiceInteraction></p> </td></tr><tr><td style="width: 50%; text-align: center;">S</td><td style="width: 50%;"> <p class="margin0auto"><inlineChoiceInteraction class="input-medium baseline" responseIdentifier="RESPONSE_B2" shuffle="false"><inlineChoice identifier="ic2_1_wm4dx">GG</inlineChoice><inlineChoice identifier="ic2_2_SeWaF">Gg</inlineChoice><inlineChoice identifier="ic2_3_k0lck">gg</inlineChoice></inlineChoiceInteraction></p> </td></tr></tbody></table> <p> </p></div><div class="abbi-richtext"><p><span class="visuallyhidden" data-tts-say-as="ic2_1_wm4dx">,upper-case G, uppercase G.</span></p> <p><span class="visuallyhidden" data-tts-say-as="ic2_2_SeWaF">,upper-case G, lowercase G.</span></p> <p><span class="visuallyhidden" data-tts-say-as="ic2_3_k0lck">.,lowercase G, lowercase G.</span></p> <p><span class="visuallyhidden" data-tts-say-as="ic1_1_KkYuQ">,upper-case G, uppercase G.</span></p> <p><span class="visuallyhidden" data-tts-say-as="ic1_2_poo3U">,upper-case G, lowercase G.</span></p> <p><span class="visuallyhidden" data-tts-say-as="ic1_3_lx5au">.,lowercase G, lowercase G</span></p></div><div class="abbi-glossary glossary-list hidden"><div class="glossary-element" id="yX1ps"><div data-lang="en"><div class="abbi-richtext"><ol><li>You can save up to 5 different trials.</li><li>Click the <strong>Start</strong> button to begin the simulation.</li><li>Trials automatically save in the area above the simulation.</li><li>Use the <strong>Rewind</strong> button to  <ol style="list-style-type: lower-alpha;"><li>clear the simulation results and</li><li>replay the simulation with the same settings.</li></ol> </li><li>Click on a “+ <strong>New</strong>” button in the area above the simulation to make a new trial in addition to other saved trials. </li></ol></div></div></div></div></div>
</div></itemBody><responseProcessing templateLocation="abbi-score-custom"><responseCondition><responseIf><and><match><variable identifier="RESPONSE_B1"/><correct identifier="RESPONSE_B1"/></match><match><variable identifier="RESPONSE_B2"/><correct identifier="RESPONSE_B2"/></match></and><setOutcomeValue identifier="SCORE_B"><baseValue baseType="float">1</baseValue></setOutcomeValue></responseIf><responseElse><setOutcomeValue identifier="SCORE_B"><baseValue baseType="float">0</baseValue></setOutcomeValue></responseElse></responseCondition><setOutcomeValue identifier="SCORE"><variable identifier="SCORE_B"/></setOutcomeValue></responseProcessing></assessmentItem>