<?xml version="1.0" encoding="UTF-8"?>
<qti-assessment-item xmlns="http://www.imsglobal.org/xsd/imsqtiasi_v3p0" xmlns:xsi="http://www.w3.org/2001/XMLSchema-instance" xsi:schemaLocation="http://www.imsglobal.org/xsd/imsqtiasi_v3p0 https://purl.imsglobal.org/spec/qti/v3p0/schema/xsd/imsqti_asiv3p0_v1p0.xsd" identifier="graphicOrder" title="Flying Home" adaptive="false" time-dependent="false">
	<qti-response-declaration identifier="RESPONSE" cardinality="ordered" base-type="identifier">
		<qti-correct-response>
			<qti-value>A</qti-value>
			<qti-value>D</qti-value>
			<qti-value>C</qti-value>
			<qti-value>B</qti-value>
		</qti-correct-response>
	</qti-response-declaration>
	<qti-outcome-declaration identifier="SCORE" cardinality="single" base-type="float"/>
	<qti-item-body>
		<p>Lorna is flying back home to the UK. Ideally, she would like to fly in directly to her
			home town of Glasgow. Edinburgh is her second choice and, if necessary, she could fly
			into London and pick up an internal connecting flight. Although she has been offered a
			cheap flight to Manchester it remains her least favourite option as connecting flights
			to Glasgow are not very reliable from there.</p>
		<qti-graphic-order-interaction response-identifier="RESPONSE">
			<qti-prompt>Mark the airports shown on the map according to Lorna's preferences.</qti-prompt>
			<object type="image/png" width="206" height="280" data="ukair.png">UK Map</object>
			<qti-hotspot-choice shape="circle" coords="77,115,8" identifier="A"/>
			<qti-hotspot-choice shape="circle" coords="118,184,8" identifier="B"/>
			<qti-hotspot-choice shape="circle" coords="150,235,8" identifier="C"/>
			<qti-hotspot-choice shape="circle" coords="96,114,8" identifier="D"/>
		</qti-graphic-order-interaction>
	</qti-item-body>
	<qti-response-processing template="https://www.imsglobal.org/question/qti_v3p0/rptemplates/match_correct.xml"/>
</qti-assessment-item>