<?xml version="1.0" encoding="UTF-8"?>
<qti-assessment-item 
 xmlns="http://www.imsglobal.org/xsd/imsqtiasi_v3p0" 
 xmlns:xsi="http://www.w3.org/2001/XMLSchema-instance"
 xsi:schemaLocation="http://www.imsglobal.org/xsd/imsqtiasi_v3p0 
 https://purl.imsglobal.org/spec/qti/v3p0/schema/xsd/imsqti_asiv3p0p1_v1p0.xsd"
 identifier="beginnersguide008"
 title="BG Choice example"
 time-dependent="false" 
 xml:lang="en-US">
 <qti-response-declaration base-type="identifier" cardinality="multiple" identifier="RESPONSE">
  <qti-correct-response>
   <qti-value>A</qti-value>
   <qti-value>C</qti-value>
   <qti-value>D</qti-value>
  </qti-correct-response>
 </qti-response-declaration>
 <qti-outcome-declaration base-type="float" cardinality="single" identifier="SCORE">
  <qti-default-value>
    <qti-value>1</qti-value>
  </qti-default-value>
 </qti-outcome-declaration>

 <qti-item-body>
  <p>QTI 3 is a new version released in 2022.</p> 
  <qti-choice-interaction max-choices="3" response-identifier="RESPONSE">
  <qti-prompt>
   <p>Which of the following features are <strong>new</strong> to QTI 3?</p> 
   <p>Pick 3 choices.</p></qti-prompt>
   <qti-simple-choice identifier="A">Shared Vocabulary</qti-simple-choice>
   <qti-simple-choice identifier="B">Pineapple Flavored</qti-simple-choice>
   <qti-simple-choice identifier="C">Catalogs for candidate-specific content.</qti-simple-choice>
   <qti-simple-choice identifier="D">Conformance features definitions</qti-simple-choice>
   <qti-simple-choice identifier="E">A subset of HTML5 elements</qti-simple-choice>
  </qti-choice-interaction>
 </qti-item-body>
 <qti-response-processing template="https://purl.imsglobal.org/spec/qti/v3p0/rptemplates/match_correct"/>
</qti-assessment-item>