<?xml version="1.0" encoding="UTF-8"?>
<qti-assessment-item
 xmlns="http://www.imsglobal.org/xsd/imsqtiasi_v3p0" 
 xmlns:xsi="http://www.w3.org/2001/XMLSchema-instance"
 xsi:schemaLocation="http://www.imsglobal.org/xsd/imsqtiasi_v3p0 
 https://purl.imsglobal.org/spec/qti/v3p0/schema/xsd/imsqti_asiv3p0p1_v1p0.xsd"
 identifier="firstexample"
 title="First Example"
 time-dependent="false" 
 xml:lang="en-US">
 <qti-response-declaration base-type="identifier" cardinality="single" identifier="RESPONSE">
  <qti-correct-response>
   <qti-value>A</qti-value>
  </qti-correct-response>
 </qti-response-declaration>
 <qti-outcome-declaration base-type="float" cardinality="single" identifier="SCORE">
  <qti-default-value>
   <qti-value>1</qti-value>
  </qti-default-value>
 </qti-outcome-declaration>
 <qti-item-body>
  <p>Of the following hormones, which is produced by the adrenal glands?</p>
  <qti-choice-interaction max-choices="1" min-choices="1" response-identifier="RESPONSE">
   <qti-simple-choice identifier="A">Epinephrine</qti-simple-choice>
   <qti-simple-choice identifier="B">Glucagon</qti-simple-choice>
   <qti-simple-choice identifier="C">Insulin</qti-simple-choice>
   <qti-simple-choice identifier="D">Oxytocin</qti-simple-choice>
  </qti-choice-interaction>
 </qti-item-body>
 <qti-response-processing template="https://purl.imsglobal.org/spec/qti/v3p0/rptemplates/match_correct"/>
</qti-assessment-item>