<?xml version="1.0" encoding="UTF-8"?>
<!-- This example adapted from the PET Handbook, copyright University of Cambridge ESOL Examinations -->
<qti-assessment-item xmlns="http://www.imsglobal.org/xsd/imsqtiasi_v3p0" xmlns:xsi="http://www.w3.org/2001/XMLSchema-instance" xsi:schemaLocation="http://www.imsglobal.org/xsd/imsqtiasi_v3p0 https://purl.imsglobal.org/spec/qti/v3p0/schema/xsd/imsqti_asiv3p0_v1p0.xsd" identifier="ShortAnswer-extText-postcard" title="Writing a Postcard - again" adaptive="false" time-dependent="false">
	<qti-response-declaration identifier="RESPONSE" cardinality="single" base-type="string"/>
	<qti-outcome-declaration identifier="SCORE" cardinality="single" base-type="float"/>
	<qti-outcome-declaration identifier="FEEDBACK" cardinality="single" base-type="identifier"/>
	<qti-item-body>
		<p>Read this postcard from your English pen-friend, Sam.</p>
		<div>
			<blockquote class="postcard">
				<p><br/>Here is a postcard of my town. Please send me<br/> a postcard from your
					town. What size is your<br/> town? What is the nicest part of your town?<br/>
					Where do you go in the evenings?<br/> Sam.</p>
			</blockquote>
		</div>
		<qti-extended-text-interaction response-identifier="RESPONSE" expected-length="200" expected-lines="3">
			<qti-prompt><br/>Write Sam a postcard. Answer the questions. Write 25-35 words.</qti-prompt>
		</qti-extended-text-interaction>
		<p><br/>Here is a sample response:</p>
		<p><br/>"Ours is a small town. There are nice trees and some old buildings. Does it really
			matter where I go in the evenings?"</p>
	</qti-item-body>
</qti-assessment-item>