<?xml version="1.0" encoding="UTF-8"?>
<qti-assessment-item xmlns="http://www.imsglobal.org/xsd/imsqtiasi_v3p0" xmlns:xsi="http://www.w3.org/2001/XMLSchema-instance" xsi:schemaLocation="http://www.imsglobal.org/xsd/imsqtiasi_v3p0 https://purl.imsglobal.org/spec/qti/v3p0/schema/xsd/imsqti_asiv3p0_v1p0.xsd" identifier="order-mountains" title="Scottish Mountains" adaptive="false" time-dependent="false">
    <qti-response-declaration identifier="RESPONSE" cardinality="ordered" base-type="identifier">
        <qti-correct-response>
            <qti-value>BenNevis</qti-value>
            <qti-value>BenMacdui</qti-value>
            <qti-value>Bidean</qti-value>
            <qti-value>CreagMeagaidh</qti-value>
        </qti-correct-response>
    </qti-response-declaration>
    <qti-outcome-declaration identifier="SCORE" cardinality="single" base-type="float"/>
    <qti-outcome-declaration identifier="iSCORE" cardinality="single" base-type="integer"/>
    <qti-outcome-declaration identifier="FEEDBACK" cardinality="single" base-type="identifier"/>
    <qti-stylesheet href="flickrMash.css" type="text/css"/>
    <qti-item-body>
        <qti-order-interaction response-identifier="RESPONSE" shuffle="true" orientation="vertical">
            <qti-prompt>Put these mountains in <strong>DESCENDING</strong> order of height</qti-prompt>
            <qti-simple-choice identifier="BenNevis">
                <div class="c1">
                    <div class="c1p1">
                        <div class="c2">Ben Nevis</div>
                        <div class="c3">
                            <strong>User:</strong>&#160;<a href="http://www.flickr.com/people/12491204/">euphbass</a><br/>
                            <strong>Added:</strong>&#160;3/7/10&#160;<strong>Taken:</strong>&#160;3/6/10&#160;<strong>Last
                                Updated:</strong>&#160;2/27/11<br/>
                            <strong>Tags:</strong>&#160;snow, skiing, bennevis, nevisrange, anochmor<br/>
                            <strong>License:</strong>&#160;<a href="http://creativecommons.org/licenses/by-nc-nd/2.0/">Attribution-NonCommercial-NoDerivs License</a></div>
                    </div>
                    <div class="c4">
                        <div class="c4p1"><img src="http://farm3.static.flickr.com/2710/4414106953_a72b46d4dd_t.jpg" alt="Ben Nevis"/></div>
                        <div class="c5"><a class="c5a" href="http://www.flickr.com/photos/12491204@N00/4414106953/">View
                                Photo</a></div>
                    </div>
                    <div id="myFlickr4414106953">
                        <!-- <div class="margin: 10px;"><a href="http://www.flickr.com/photos/12491204@N00/4414106953/" target="_blank" title="View Photo on Flickr"><img src="http://farm3.static.flickr.com/2710/4414106953_a72b46d4dd.jpg" alt="Ben Nevis 2"></a></div> --></div>
                </div>
                <div>&#160;</div>
            </qti-simple-choice>
            <qti-simple-choice identifier="BenMacdui">
                <div class="c1">
                    <div class="c1p1">
                        <div class="c2">Ben Macdui</div>
                        <div class="c3">
                            <strong>User:</strong>&#160;<a href="http://www.flickr.com/people/87012937@N00/">Teardust</a><br/>
                            <strong>Added:</strong>&#160;6/2/09&#160;<strong>Taken:</strong>&#160;6/1/09&#160;<strong>Last
                                Updated:</strong>&#160;6/6/09<br/>
                            <strong>Latitude:</strong>&#160;57.087673&#160;<strong>Longitude:</strong>&#160;-3.682994<br/>
                            <strong>Tags:</strong>&#160;mountains, walking, scotland, hills,
                            cairngorms, benmacdui<br/>
                            <strong>License:</strong>&#160;All Rights Reserved</div>
                    </div>
                    <div class="c4">
                        <div class="c4p1"><img src="http://farm3.static.flickr.com/2429/3590186482_8fab80ee3b_t.jpg" alt="Ben Macdui"/></div>
                        <div class="c5"><a class="c5a" href="http://www.flickr.com/photos/87012937@N00/3590186482/">View
                                Photo</a></div>
                    </div>
                    <div id="myFlickr3590186482">
                        <!-- <div class="margin: 10px;"><a href="http://www.flickr.com/photos/87012937@N00/3590186482/" target="_blank" title="View Photo on Flickr"><img src="http://farm3.static.flickr.com/2429/3590186482_8fab80ee3b.jpg" alt="Ben Macdui"></a></div> --></div>
                </div>
                <div>&#160;</div>
            </qti-simple-choice>
            <qti-simple-choice identifier="Bidean">
                <div class="c1">
                    <div class="c1p1">
                        <div class="c2">Bidean nam Bian</div>
                        <div class="c3">
                            <strong>User:</strong>&#160;<a href="http://www.flickr.com/people/32275723@N08/">John_White49</a><br/>
                            <strong>Added:</strong>&#160;11/9/08&#160;<strong>Taken:</strong>&#160;10/18/03&#160;<strong>Last
                                Updated:</strong>&#160;11/16/08<br/>
                            <strong>Tags:</strong>&#160;bideannambian, stobghabhar<br/>
                            <strong>License:</strong>&#160;All Rights Reserved</div>
                    </div>
                    <div class="c4">
                        <div class="c4p1"><img src="http://farm4.static.flickr.com/3005/3015281497_e91e4e1e7b_t.jpg" alt="Bidean nam Bian"/></div>
                        <div class="c5"><a class="c5a" href="http://www.flickr.com/photos/32275723@N08/3015281497/">View
                                Photo</a></div>
                    </div>
                    <div id="myFlickr3015281497">
                        <!-- <div class="margin: 10px;"><a href="http://www.flickr.com/photos/32275723@N08/3015281497/" target="_blank" title="View Photo on Flickr"><img src="http://farm4.static.flickr.com/3005/3015281497_e91e4e1e7b.jpg" alt="Bidean nam Bian"></a></div> --></div>
                </div>
                <div>&#160;</div>
            </qti-simple-choice>
            <qti-simple-choice identifier="CreagMeagaidh">
                <div class="c1">
                    <div class="c1p1">
                        <div class="c2">Creag Meagaidh</div>
                        <div class="c3">
                            <strong>User:</strong>&#160;<a href="http://www.flickr.com/people/70887256@N00/">swan-scot</a><br/>
                            <strong>Added:</strong>&#160;4/15/09&#160;<strong>Taken:</strong>&#160;4/13/09&#160;<strong>Last
                                Updated:</strong>&#160;4/15/09<br/>
                            <strong>Tags:</strong>&#160;scotland, hillwalking, munro, creagmeagaidh<br/>
                            <strong>License:</strong>&#160;All Rights Reserved</div>
                    </div>
                    <div class="c4">
                        <div class="c4p1"><img src="http://farm4.static.flickr.com/3557/3445120347_691a8f7542_t.jpg" alt="Creag Meagaidh"/></div>
                        <div class="c5"><a class="c5a" href="http://www.flickr.com/photos/70887256@N00/3445120347/">View
                                Photo</a></div>
                    </div>
                    <div id="myFlickr3445120347">
                        <!-- <div class="margin: 10px;"><a href="http://www.flickr.com/photos/70887256@N00/3445120347/" target="_blank" title="View Photo on Flickr"><img src="http://farm4.static.flickr.com/3557/3445120347_691a8f7542.jpg" alt="Creag Meagaidh"></a></div> --></div>
                </div>
                <div>&#160;</div>
            </qti-simple-choice>
        </qti-order-interaction>
        <p>
            <qti-feedback-inline outcome-identifier="FEEDBACK" show-hide="show" identifier="OK"> Yes, all
                correct.</qti-feedback-inline>
            <qti-feedback-inline outcome-identifier="FEEDBACK" show-hide="show" identifier="No"> No,
                    <qti-printed-variable identifier="iSCORE"/> correct.</qti-feedback-inline>
        </p>
    </qti-item-body>
    <qti-response-processing>
        <qti-response-condition>
            <qti-response-if>
                <qti-match>
                    <qti-variable identifier="RESPONSE"/>
                    <qti-correct identifier="RESPONSE"/>
                </qti-match>
                <qti-set-outcome-value identifier="SCORE">
                    <qti-base-value base-type="float">4.0</qti-base-value>
                </qti-set-outcome-value>
                <qti-set-outcome-value identifier="FEEDBACK">
                    <qti-base-value base-type="identifier">OK</qti-base-value>
                </qti-set-outcome-value>
            </qti-response-if>
            <qti-response-else>
                <qti-set-outcome-value identifier="SCORE">
                    <qti-base-value base-type="float">0.0</qti-base-value>
                </qti-set-outcome-value>
                <qti-response-condition>
                    <qti-response-if>
                        <qti-match>
                            <qti-index n="1">
                                <qti-variable identifier="RESPONSE"/>
                            </qti-index>
                            <qti-base-value base-type="identifier">BenNevis</qti-base-value>
                        </qti-match>
                        <qti-set-outcome-value identifier="SCORE">
                            <qti-sum>
                                <qti-variable identifier="SCORE"/>
                                <qti-base-value base-type="float">1.0</qti-base-value>
                            </qti-sum>
                        </qti-set-outcome-value>
                    </qti-response-if>
                </qti-response-condition>
                <qti-response-condition>
                    <qti-response-if>
                        <qti-match>
                            <qti-index n="2">
                                <qti-variable identifier="RESPONSE"/>
                            </qti-index>
                            <qti-base-value base-type="identifier">BenMacdui</qti-base-value>
                        </qti-match>
                        <qti-set-outcome-value identifier="SCORE">
                            <qti-sum>
                                <qti-variable identifier="SCORE"/>
                                <qti-base-value base-type="float">1.0</qti-base-value>
                            </qti-sum>
                        </qti-set-outcome-value>
                    </qti-response-if>
                </qti-response-condition>
                <qti-response-condition>
                    <qti-response-if>
                        <qti-match>
                            <qti-index n="3">
                                <qti-variable identifier="RESPONSE"/>
                            </qti-index>
                            <qti-base-value base-type="identifier">Bidean</qti-base-value>
                        </qti-match>
                        <qti-set-outcome-value identifier="SCORE">
                            <qti-sum>
                                <qti-variable identifier="SCORE"/>
                                <qti-base-value base-type="float">1.0</qti-base-value>
                            </qti-sum>
                        </qti-set-outcome-value>
                    </qti-response-if>
                </qti-response-condition>
                <qti-response-condition>
                    <qti-response-if>
                        <qti-match>
                            <qti-index n="4">
                                <qti-variable identifier="RESPONSE"/>
                            </qti-index>
                            <qti-base-value base-type="identifier">CreagMeagaidh</qti-base-value>
                        </qti-match>
                        <qti-set-outcome-value identifier="SCORE">
                            <qti-sum>
                                <qti-variable identifier="SCORE"/>
                                <qti-base-value base-type="float">1.0</qti-base-value>
                            </qti-sum>
                        </qti-set-outcome-value>
                    </qti-response-if>
                </qti-response-condition>
                <qti-set-outcome-value identifier="FEEDBACK">
                    <qti-base-value base-type="identifier">No</qti-base-value>
                </qti-set-outcome-value>
            </qti-response-else>
        </qti-response-condition>
        <qti-set-outcome-value identifier="iSCORE">
            <qti-round>
                <qti-variable identifier="SCORE"/>
            </qti-round>
        </qti-set-outcome-value>
    </qti-response-processing>
</qti-assessment-item>