<?xml version="1.0" encoding="UTF-8"?>
<cartridge_basiclti_link
  xmlns="/xsd/imslticc_v1p0"
  xmlns:blti="http://www.imsglobal.org/xsd/imsbasiclti_v1p0"
  xmlns:lticm="http://www.imsglobal.org/xsd/imslticm_v1p0"
  xmlns:lticp="http://www.imsglobal.org/xsd/imslticp_v1p0"
  xmlns:xsi="http://www.w3.org/2001/XMLSchema-instance" xsi:schemaLocation="/xsd/imslticc_v1p0 /xsd/lti/ltiv1p3/imslticc_v1p3.xsd http://www.imsglobal.org/xsd/imsbasiclti_v1p0 http://www.imsglobal.org/xsd/lti/ltiv1p0/imsbasiclti_v1p0p1.xsd http://www.imsglobal.org/xsd/imslticm_v1p0 http://www.imsglobal.org/xsd/lti/ltiv1p0/imslticm_v1p0.xsd http://www.imsglobal.org/xsd/imslticp_v1p0 http://www.imsglobal.org/xsd/lti/ltiv1p0/imslticp_v1p0.xsd">
  <blti:title>Student Edition</blti:title>
  <blti:description>Luggage</blti:description>
  <blti:custom>
    <lticm:property name="resource_id">PeriodicTable</lticm:property>
  </blti:custom>
  <blti:launch_url>https://localhost:8085/provider</blti:launch_url>
  <blti:secure_launch_url>https://localhost:8085/provider</blti:secure_launch_url>
  <blti:icon>links/table.svg</blti:icon>

  <blti:secure_icon>links/table.svg</blti:secure_icon>
  <blti:vendor>
    <lticp:code>IMSGlobal.org</lticp:code>
    <lticp:name>IMS</lticp:name>
  </blti:vendor>
  <cartridge_bundle identifierref="BLTI001_Bundle"/>
  <cartridge_icon identifierref="BLTI001_Icon"/>
</cartridge_basiclti_link>