<?xml version="1.0" encoding="UTF-8"?>
<!-- This example adapted from the PET Handbook, copyright University of Cambridge ESOL Examinations -->
<qti-assessment-item xmlns="http://www.imsglobal.org/xsd/imsqtiasi_v3p0" xmlns:xsi="http://www.w3.org/2001/XMLSchema-instance" 
                     xsi:schemaLocation="http://www.imsglobal.org/xsd/imsqtiasi_v3p0 https://purl.imsglobal.org/spec/qti/v3p0/schema/xsd/imsqti_asiv3p0_v1p0.xsd" 
                     identifier="elements" title="Atomic Numbers" adaptive="false" time-dependent="false">
    <qti-response-declaration identifier="RESPONSE" cardinality="single" base-type="identifier">
        <qti-correct-response>
            <qti-value>ChoiceA</qti-value>
        </qti-correct-response>
    </qti-response-declaration>
    <qti-outcome-declaration identifier="SCORE" cardinality="single" base-type="float">
        <qti-default-value>
            <qti-value>0</qti-value>
        </qti-default-value>
    </qti-outcome-declaration>
    <qti-companion-materials-info>
        <qti-digital-material label="The Periodic Table" mime-type="text/html">
            <qti-file-href>links/periodicTable.xml</qti-file-href>
            <qti-resource-icon>links/table.svg</qti-resource-icon>
        </qti-digital-material>
    </qti-companion-materials-info>

    <qti-item-body>
        <p>Use the periodic table to anwser the question.</p>
        <qti-choice-interaction response-identifier="RESPONSE" shuffle="false" max-choices="1">
            <qti-prompt>What is the atomic number of cadmium?</qti-prompt>
            <qti-simple-choice identifier="ChoiceA">48</qti-simple-choice>
            <qti-simple-choice identifier="ChoiceB">112.41</qti-simple-choice>
            <qti-simple-choice identifier="ChoiceC">5</qti-simple-choice>
            <qti-simple-choice identifier="ChoiceD">12</qti-simple-choice>
        </qti-choice-interaction>
    </qti-item-body>
    <qti-response-processing template="https://www.imsglobal.org/question/qti_v3p0/rptemplates/match_correct.xml"/>
</qti-assessment-item>