<?xml version="1.0" encoding="UTF-8" standalone="yes"?>
<manifest identifier="MD-QTI_test_566ff2f02b12" xmlns="http://www.imsglobal.org/xsd/qti/qtiv3p0/imscp_v1p1" xmlns:imsmd="http://ltsc.ieee.org/xsd/LOM" xmlns:imsqti="http://www.imsglobal.org/xsd/imsqtiasi_v3p0" xmlns:xsi="http://www.w3.org/2001/XMLSchema-instance" xsi:schemaLocation="http://www.imsglobal.org/xsd/imsqtiasi_v3p0 https://purl.imsglobal.org/spec/qti/v3p0/schema/xsd/imsqti_asiv3p0_v1p0.xsd http://ltsc.ieee.org/xsd/LOM https://purl.imsglobal.org/spec/md/v1p3/schema/xsd/imsmd_loose_v1p3p2.xsd http://www.imsglobal.org/xsd/qti/qtiv3p0/imscp_v1p1 https://purl.imsglobal.org/spec/qti/v3p0/schema/xsd/imsqtiv3p0_imscpv1p2_v1p0.xsd">
    <metadata>
        <schema>QTI Package</schema>
        <schemaversion>3.0.0</schemaversion>
        <imsmd:lom>
            <imsmd:general>
                <imsmd:identifier>
                    <imsmd:entry>QTI_test_566ff2f02b12</imsmd:entry>
                </imsmd:identifier>
                <imsmd:title>
                    <imsmd:string xml:lang="en">BBQs test package</imsmd:string>
                </imsmd:title>
                <imsmd:language>en</imsmd:language>
                <imsmd:description>
                    <imsmd:string xml:lang="en">Test package for IMS Quarterly in Nottingham, February 2012</imsmd:string>
                </imsmd:description>
                <imsmd:keyword>
                    <imsmd:string xml:lang="en">UKOER</imsmd:string>
                </imsmd:keyword>
                <imsmd:keyword>
                    <imsmd:string xml:lang="en">QTIv3.0</imsmd:string>
                </imsmd:keyword>
                <imsmd:keyword>
                    <imsmd:string xml:lang="en">sample</imsmd:string>
                </imsmd:keyword>
                <imsmd:keyword>
                    <imsmd:string xml:lang="en">item</imsmd:string>
                </imsmd:keyword>
            </imsmd:general>
            <imsmd:lifeCycle>
                <imsmd:contribute>
                    <imsmd:role>
                        <imsmd:source>LOMv1.0</imsmd:source>
                        <imsmd:value>Creator</imsmd:value>
                    </imsmd:role>
                    <imsmd:entity>BEGIN:VCARD FN:Sue Milne ORG:University of Glasgow   END:VCARD</imsmd:entity>
                    <imsmd:date>
                        <imsmd:dateTime>2012-02-17</imsmd:dateTime>
                        <imsmd:description>
                            <imsmd:string xml:lang="en"/>
                        </imsmd:description>
                    </imsmd:date>
                </imsmd:contribute>
                <imsmd:contribute>
                    <imsmd:role>
                        <imsmd:source>LOMv1.0</imsmd:source>
                        <imsmd:value>Editor</imsmd:value>
                    </imsmd:role>
                    <imsmd:entity>BEGIN:VCARD FN:FETLAR END:VCARD</imsmd:entity>
                    <imsmd:date>
                        <imsmd:dateTime>2012-02-17</imsmd:dateTime>
                        <imsmd:description>
                            <imsmd:string xml:lang="en"/>
                        </imsmd:description>
                    </imsmd:date>
                </imsmd:contribute>
            </imsmd:lifeCycle>
            <imsmd:metaMetadata>
                <imsmd:identifier>
                    <imsmd:entry>urn:www.fetlar.ac.uk:0eb32b3c-c889-41fb-a6bf-5654ddceb8b9</imsmd:entry>
                </imsmd:identifier>
                <imsmd:identifier>
                    <imsmd:catalog>http://www.fetlar.ac.uk/</imsmd:catalog>
                    <imsmd:entry>FETLAR-2-1329499261</imsmd:entry>
                </imsmd:identifier>
                <imsmd:contribute>
                    <imsmd:role>
                        <imsmd:source>LOMv1.0</imsmd:source>
                        <imsmd:value>Creator</imsmd:value>
                    </imsmd:role>
                    <imsmd:entity>BEGIN:VCARD FN:FETLAR END:VCARD</imsmd:entity>
                </imsmd:contribute>
                <imsmd:metadataschema>LOMv1.0</imsmd:metadataschema>
                <imsmd:metadataschema>JORUMv1.0</imsmd:metadataschema>
                <imsmd:language>en</imsmd:language>
            </imsmd:metaMetadata>
            <imsmd:technical>
                <imsmd:format>text/x-imsqti-test-xml</imsmd:format>
                <imsmd:size>181347</imsmd:size>
                <imsmd:location/>
                <imsmd:otherPlatformRequirements>
                    <imsmd:string xml:lang="en">QTIv3.0+Maths</imsmd:string>
                    <imsmd:string xml:lang="en">QTIv3.0</imsmd:string>
                </imsmd:otherPlatformRequirements>
            </imsmd:technical>
            <imsmd:educational>
                <imsmd:learningResourceType>
                    <imsmd:source>RDNLTSNType</imsmd:source>
                    <imsmd:value>ExaminationTest</imsmd:value>
                </imsmd:learningResourceType>
                <imsmd:context>
                    <imsmd:source>LOMv1.0</imsmd:source>
                    <imsmd:value>>higher education</imsmd:value>
                </imsmd:context>
                <imsmd:description>
                    <imsmd:string xml:lang="x-none">A test</imsmd:string>
                </imsmd:description>
                <imsmd:language>en</imsmd:language>
            </imsmd:educational>
            <imsmd:rights>
                <imsmd:copyrightAndOtherRestrictions>
                    <imsmd:source>LOMv1.0</imsmd:source>
                    <imsmd:value>yes</imsmd:value>
                </imsmd:copyrightAndOtherRestrictions>
                <imsmd:description>
                    <imsmd:string xml:lang="en">{{CC-URL}}</imsmd:string>
                </imsmd:description>
            </imsmd:rights>
            <imsmd:classification>
                <imsmd:purpose>
                    <imsmd:source>LOMv1.0</imsmd:source>
                    <imsmd:value>Discipline</imsmd:value>
                </imsmd:purpose>
                <imsmd:taxonPath>
                    <imsmd:source>
                        <imsmd:string xml:lang="en">jacs</imsmd:string>
                    </imsmd:source>
                    <imsmd:taxon>
                        <imsmd:id>G1</imsmd:id>
                        <imsmd:entry>
                            <imsmd:string xml:lang="en">Mathematics</imsmd:string>
                        </imsmd:entry>
                    </imsmd:taxon>
                </imsmd:taxonPath>
            </imsmd:classification>
            <imsmd:classification>
                <imsmd:purpose>
                    <imsmd:source>LOMv1.0</imsmd:source>
                    <imsmd:value>Educational Level</imsmd:value>
                </imsmd:purpose>
                <imsmd:taxonPath>
                    <imsmd:source>
                        <imsmd:string xml:lang="x-none">UKEL</imsmd:string>
                    </imsmd:source>
                    <imsmd:taxon>
                        <imsmd:id>ukel10</imsmd:id>
                        <imsmd:entry>
                            <imsmd:string xml:lang="en">UK Educational Level 10</imsmd:string>
                        </imsmd:entry>
                    </imsmd:taxon>
                </imsmd:taxonPath>
            </imsmd:classification>
            <imsmd:classification>
                <imsmd:purpose>
                    <imsmd:source>>imsmdv1.0</imsmd:source>
                    <imsmd:value>Discipline</imsmd:value>
                </imsmd:purpose>
                <imsmd:taxonPath>
                    <imsmd:source>
                        <imsmd:string xml:lang="en">JACSTaxonomy</imsmd:string>
                    </imsmd:source>
                    <imsmd:taxon>
                        <imsmd:entry>
                            <imsmd:string xml:lang="en">X990 Education not elsewhere classified</imsmd:string>
                        </imsmd:entry>
                    </imsmd:taxon>
                </imsmd:taxonPath>
            </imsmd:classification>
        </imsmd:lom>
    </metadata>
    <organizations/>
    <resources>
        <resource href="assessment.xml" type="imsqti_test_xmlv3p0" identifier="TEST">
            <file href="assessment.xml"/>
            <dependency identifierref="id-5c1b1e2d56bd"/>
            <dependency identifierref="id-75bd778a3504"/>
            <dependency identifierref="id-992e8bd3c9ac"/>
            <dependency identifierref="id-f8e13982226c"/>
            <dependency identifierref="id-377d71221b04"/>
            <dependency identifierref="id-7e4520cd463f"/>
            <dependency identifierref="id-2a2cfb9f4dde"/>
            <dependency identifierref="id-200e2c3f7d76"/>
            <dependency identifierref="id-7f35b6c393d5"/>
            <dependency identifierref="id-3cd82285401e"/>
            <dependency identifierref="id-371b0f88774a"/>
            <dependency identifierref="id-90b59b73c8e4"/>
            <dependency identifierref="id-e475c3c922f6"/>
            <dependency identifierref="id-be3cd3bdd3d4"/>
            <dependency identifierref="id-8167235c360b"/>
            <dependency identifierref="id-1ccd6e04685f"/>
            <dependency identifierref="id-bd44a757f562"/>
            <dependency identifierref="id-13b92f311fc0"/>
            <dependency identifierref="id-c0bdd9a130c7"/>
            <dependency identifierref="id-d565dbe89933"/>
            <dependency identifierref="id-83210b60ed8f"/>
            <dependency identifierref="id-f9f3153e2ba4"/>
        </resource>
        <resource href="id-5c1b1e2d56bd/either-or.xml" type="imsqti_item_xmlv3p0" identifier="id-5c1b1e2d56bd">
            <metadata>
                <imsmd:lom>
                    <imsmd:general>
                        <imsmd:description>
                            <imsmd:string xml:lang="en">This question is an XML file imported into Spectatus.</imsmd:string>
                        </imsmd:description>
                    </imsmd:general>
                </imsmd:lom>
            </metadata>
            <file href="id-5c1b1e2d56bd/either-or.xml"/>
        </resource>
        <resource href="id-75bd778a3504/essay-vacation.xml" type="imsqti_item_xmlv3p0" identifier="id-75bd778a3504">
            <metadata>
                <imsmd:lom>
                    <imsmd:general>
                        <imsmd:description>
                            <imsmd:string xml:lang="en">This question is an XML file imported into Spectatus.</imsmd:string>
                        </imsmd:description>
                    </imsmd:general>
                </imsmd:lom>
            </metadata>
            <file href="id-75bd778a3504/essay-vacation.xml"/>
        </resource>
        <resource href="id-992e8bd3c9ac/hotspot-maximum.xml" type="imsqti_item_xmlv3p0" identifier="id-992e8bd3c9ac">
            <metadata>
                <imsqti:qtiMetadata>
                    <imsqti:timeDependent>false</imsqti:timeDependent>
                    <imsqti:solutionAvailable>false</imsqti:solutionAvailable>
                    <imsqti:toolName>Mathqurate</imsqti:toolName>
                    <imsqti:toolVersion>1.0</imsqti:toolVersion>
                </imsqti:qtiMetadata>
                <imsmd:lom>
                    <imsmd:general>
                        <imsmd:identifier>
                            <imsmd:entry>hotspot-maximum</imsmd:entry>
                        </imsmd:identifier>
                        <imsmd:title>
                            <imsmd:string xml:lang="en">Local Maximum</imsmd:string>
                        </imsmd:title>
                        <imsmd:language>en</imsmd:language>
                        <imsmd:description>
                            <imsmd:string xml:lang="en">Identify local maximum on given graph</imsmd:string>
                        </imsmd:description>
                        <imsmd:keyword>
                            <imsmd:string xml:lang="en">calculus</imsmd:string>
                        </imsmd:keyword>
                        <imsmd:keyword>
                            <imsmd:string xml:lang="en">local maximum</imsmd:string>
                        </imsmd:keyword>
                        <imsmd:keyword>
                            <imsmd:string xml:lang="en">graph</imsmd:string>
                        </imsmd:keyword>
                    </imsmd:general>
                    <imsmd:lifeCycle>
                        <imsmd:contribute>
                            <imsmd:role>
                                <imsmd:source>LOMv1.0</imsmd:source>
                                <imsmd:value>Creator</imsmd:value>
                            </imsmd:role>
                            <imsmd:entity>BEGIN:VCARD FN:Sue Milne END:VCARD</imsmd:entity>
                            <imsmd:date>
                                <imsmd:dateTime>2011-04-25</imsmd:dateTime>
                                <imsmd:description>
                                    <imsmd:string xml:lang="en"/>
                                </imsmd:description>
                            </imsmd:date>
                        </imsmd:contribute>
                        <imsmd:contribute>
                            <imsmd:role>
                                <imsmd:source>LOMv1.0</imsmd:source>
                                <imsmd:value>Editor</imsmd:value>
                            </imsmd:role>
                            <imsmd:entity>BEGIN:VCARD FN:FETLAR END:VCARD</imsmd:entity>
                            <imsmd:date>
                                <imsmd:dateTime>2011-04-25</imsmd:dateTime>
                                <imsmd:description>
                                    <imsmd:string xml:lang="en"/>
                                </imsmd:description>
                            </imsmd:date>
                        </imsmd:contribute>
                    </imsmd:lifeCycle>
                    <imsmd:metaMetadata>
                        <imsmd:identifier>
                            <imsmd:entry>urn::364C159CF7B6D42BF1FE58CA86CF6709</imsmd:entry>
                        </imsmd:identifier>
                        <imsmd:identifier>
                            <imsmd:catalog>http:///</imsmd:catalog>
                            <imsmd:entry>FETLAR-2-1303726335</imsmd:entry>
                        </imsmd:identifier>
                        <imsmd:contribute>
                            <imsmd:role>
                                <imsmd:source>LOMv1.0</imsmd:source>
                                <imsmd:value>Creator</imsmd:value>
                            </imsmd:role>
                            <imsmd:entity>BEGIN:VCARD FN:FETLAR END:VCARD</imsmd:entity>
                        </imsmd:contribute>
                        <imsmd:metadataschema>LOMv1.0</imsmd:metadataschema>
                        <imsmd:metadataschema>JORUMv1.0</imsmd:metadataschema>
                        <imsmd:language>en</imsmd:language>
                    </imsmd:metaMetadata>
                    <imsmd:technical>
                        <imsmd:format>text/x-imsqti-item-xml</imsmd:format>
                        <imsmd:size>10240</imsmd:size>
                        <imsmd:location/>
                        <imsmd:otherPlatformRequirements>
                            <imsmd:string xml:lang="en">QTIv3.0</imsmd:string>
                        </imsmd:otherPlatformRequirements>
                    </imsmd:technical>
                    <imsmd:educational>
                        <imsmd:learningResourceType>
                            <imsmd:source>RDNLTSNType</imsmd:source>
                            <imsmd:value>AssessmentItem</imsmd:value>
                        </imsmd:learningResourceType>
                        <imsmd:context>
                            <imsmd:source>LOMv1.0</imsmd:source>
                            <imsmd:value>higher education</imsmd:value>
                        </imsmd:context>
                        <imsmd:description>
                            <imsmd:string xml:lang="x-none">A test question</imsmd:string>
                        </imsmd:description>
                        <imsmd:language>en</imsmd:language>
                    </imsmd:educational>
                    <imsmd:rights>
                        <imsmd:copyrightAndOtherRestrictions>
                            <imsmd:source>LOMv1.0</imsmd:source>
                            <imsmd:value>yes</imsmd:value>
                        </imsmd:copyrightAndOtherRestrictions>
                        <imsmd:description>
                            <imsmd:string xml:lang="en">CC-BY-SA</imsmd:string>
                        </imsmd:description>
                    </imsmd:rights>
                    <imsmd:classification>
                        <imsmd:purpose>
                            <imsmd:source>LOMv1.0</imsmd:source>
                            <imsmd:value>Discipline</imsmd:value>
                        </imsmd:purpose>
                        <imsmd:taxonPath>
                            <imsmd:source>
                                <imsmd:string xml:lang="en">jacs</imsmd:string>
                            </imsmd:source>
                            <imsmd:taxon>
                                <imsmd:id>G1</imsmd:id>
                                <imsmd:entry>
                                    <imsmd:string xml:lang="en">Mathematics</imsmd:string>
                                </imsmd:entry>
                            </imsmd:taxon>
                        </imsmd:taxonPath>
                    </imsmd:classification>
                    <imsmd:classification>
                        <imsmd:purpose>
                            <imsmd:source>LOMv1.0</imsmd:source>
                            <imsmd:value>Educational Level</imsmd:value>
                        </imsmd:purpose>
                        <imsmd:taxonPath>
                            <imsmd:source>
                                <imsmd:string xml:lang="x-none">UKEL</imsmd:string>
                            </imsmd:source>
                            <imsmd:taxon>
                                <imsmd:id>ukel10</imsmd:id>
                                <imsmd:entry>
                                    <imsmd:string xml:lang="en">UK Educational Level 10</imsmd:string>
                                </imsmd:entry>
                            </imsmd:taxon>
                        </imsmd:taxonPath>
                    </imsmd:classification>
                    <imsmd:classification>
                        <imsmd:purpose>
                            <imsmd:source>imsmdv1.0</imsmd:source>
                            <imsmd:value>Discipline</imsmd:value>
                        </imsmd:purpose>
                        <imsmd:taxonPath>
                            <imsmd:source>
                                <imsmd:string xml:lang="en">MathAssess Taxonomy</imsmd:string>
                            </imsmd:source>
                            <imsmd:taxon>
                                <imsmd:entry>
                                    <imsmd:string xml:lang="en">6.1.4 Differentiation</imsmd:string>
                                </imsmd:entry>
                            </imsmd:taxon>
                        </imsmd:taxonPath>
                    </imsmd:classification>
                </imsmd:lom>
            </metadata>
            <file href="id-992e8bd3c9ac/hotspot-maximum.xml"/>
            <file href="id-992e8bd3c9ac/images/cubic_xpw3d6m2xp3.png"/>
        </resource>
        <resource href="id-f8e13982226c/jumble-gapMatch.xml" type="imsqti_item_xmlv3p0" identifier="id-f8e13982226c">
            <metadata>
                <imsmd:lom>
                    <imsmd:general>
                        <imsmd:description>
                            <imsmd:string xml:lang="en">This question is an XML file imported into Spectatus.</imsmd:string>
                        </imsmd:description>
                    </imsmd:general>
                </imsmd:lom>
            </metadata>
            <file href="id-f8e13982226c/jumble-gapMatch.xml"/>
        </resource>
        <resource href="id-377d71221b04/jumble-inlineChoice.xml" type="imsqti_item_xmlv3p0" identifier="id-377d71221b04">
            <metadata>
                <imsmd:lom>
                    <imsmd:general>
                        <imsmd:description>
                            <imsmd:string xml:lang="en">This question is an XML file imported into Spectatus.</imsmd:string>
                        </imsmd:description>
                    </imsmd:general>
                </imsmd:lom>
            </metadata>
            <file href="id-377d71221b04/jumble-inlineChoice.xml"/>
        </resource>
        <resource href="id-7e4520cd463f/Likert-choice-questionSet.xml" type="imsqti_item_xmlv3p0" identifier="id-7e4520cd463f">
            <metadata>
                <imsmd:lom>
                    <imsmd:general>
                        <imsmd:description>
                            <imsmd:string xml:lang="en">This question is an XML file imported into Spectatus.</imsmd:string>
                        </imsmd:description>
                    </imsmd:general>
                </imsmd:lom>
            </metadata>
            <file href="id-7e4520cd463f/Likert-choice-questionSet.xml"/>
        </resource>
        <resource href="id-2a2cfb9f4dde/Likert-match-questionSet.xml" type="imsqti_item_xmlv3p0" identifier="id-2a2cfb9f4dde">
            <metadata>
                <imsmd:lom>
                    <imsmd:general>
                        <imsmd:description>
                            <imsmd:string xml:lang="en">This question is an XML file imported into Spectatus.</imsmd:string>
                        </imsmd:description>
                    </imsmd:general>
                </imsmd:lom>
            </metadata>
            <file href="id-2a2cfb9f4dde/Likert-match-questionSet.xml"/>
        </resource>
        <resource href="id-200e2c3f7d76/matching-associate-trigDeriv.xml" type="imsqti_item_xmlv3p0" identifier="id-200e2c3f7d76">
            <metadata>
                <imsmd:lom>
                    <imsmd:general>
                        <imsmd:description>
                            <imsmd:string xml:lang="en">This question is an XML file imported into Spectatus.</imsmd:string>
                        </imsmd:description>
                    </imsmd:general>
                </imsmd:lom>
            </metadata>
            <file href="id-200e2c3f7d76/matching-associate-trigDeriv.xml"/>
        </resource>
        <resource href="id-7f35b6c393d5/matching-match-trigDeriv.xml" type="imsqti_item_xmlv3p0" identifier="id-7f35b6c393d5">
            <metadata>
                <imsmd:lom>
                    <imsmd:general>
                        <imsmd:description>
                            <imsmd:string xml:lang="en">This question is an XML file imported into Spectatus.</imsmd:string>
                        </imsmd:description>
                    </imsmd:general>
                </imsmd:lom>
            </metadata>
            <file href="id-7f35b6c393d5/matching-match-trigDeriv.xml"/>
        </resource>
        <resource href="id-3cd82285401e/MultipleAnswer-choice-materials.xml" type="imsqti_item_xmlv3p0" identifier="id-3cd82285401e">
            <metadata>
                <imsmd:lom>
                    <imsmd:general>
                        <imsmd:description>
                            <imsmd:string xml:lang="en">This question is an XML file imported into Spectatus.</imsmd:string>
                        </imsmd:description>
                    </imsmd:general>
                </imsmd:lom>
            </metadata>
            <file href="id-3cd82285401e/MultipleAnswer-choice-materials.xml"/>
        </resource>
        <resource href="id-371b0f88774a/MultipleChoice-choice-polynomials.xml" type="imsqti_item_xmlv3p0" identifier="id-371b0f88774a">
            <metadata>
                <imsmd:lom>
                    <imsmd:general>
                        <imsmd:description>
                            <imsmd:string xml:lang="en">This question is an XML file imported into Spectatus.</imsmd:string>
                        </imsmd:description>
                    </imsmd:general>
                </imsmd:lom>
            </metadata>
            <file href="id-371b0f88774a/MultipleChoice-choice-polynomials.xml"/>
        </resource>
        <resource href="id-90b59b73c8e4/upload-file.xml" type="imsqti_item_xmlv3p0" identifier="id-90b59b73c8e4">
            <metadata>
                <imsmd:lom>
                    <imsmd:general>
                        <imsmd:description>
                            <imsmd:string xml:lang="en">This question is an XML file imported into Spectatus.</imsmd:string>
                        </imsmd:description>
                    </imsmd:general>
                </imsmd:lom>
            </metadata>
            <file href="id-90b59b73c8e4/upload-file.xml"/>
        </resource>
        <resource href="id-e475c3c922f6/order-maths.xml" type="imsqti_item_xmlv3p0" identifier="id-e475c3c922f6">
            <metadata>
                <imsmd:lom>
                    <imsmd:general>
                        <imsmd:description>
                            <imsmd:string xml:lang="en">This question is an XML file imported into Spectatus.</imsmd:string>
                        </imsmd:description>
                    </imsmd:general>
                </imsmd:lom>
            </metadata>
            <file href="id-e475c3c922f6/order-maths.xml"/>
        </resource>
        <resource href="id-be3cd3bdd3d4/order-mountains.xml" type="imsqti_item_xmlv3p0" identifier="id-be3cd3bdd3d4">
            <metadata>
                <imsmd:lom>
                    <imsmd:general>
                        <imsmd:description>
                            <imsmd:string xml:lang="en">This question is an XML file imported into Spectatus.</imsmd:string>
                        </imsmd:description>
                    </imsmd:general>
                </imsmd:lom>
            </metadata>
            <file href="id-be3cd3bdd3d4/order-mountains.xml"/>
        </resource>
        <resource href="id-8167235c360b/QuizBowl-multi-geometry.xml" type="imsqti_item_xmlv3p0" identifier="id-8167235c360b">
            <metadata>
                <imsmd:lom>
                    <imsmd:general>
                        <imsmd:description>
                            <imsmd:string xml:lang="en">This question is an XML file imported into Spectatus.</imsmd:string>
                        </imsmd:description>
                    </imsmd:general>
                </imsmd:lom>
            </metadata>
            <file href="id-8167235c360b/QuizBowl-multi-geometry.xml"/>
        </resource>
        <resource href="id-1ccd6e04685f/ShortAnswer-extText-postcard.xml" type="imsqti_item_xmlv3p0" identifier="id-1ccd6e04685f">
            <metadata>
                <imsmd:lom>
                    <imsmd:general>
                        <imsmd:description>
                            <imsmd:string xml:lang="en">This question is an XML file imported into Spectatus.</imsmd:string>
                        </imsmd:description>
                    </imsmd:general>
                </imsmd:lom>
            </metadata>
            <file href="id-1ccd6e04685f/ShortAnswer-extText-postcard.xml"/>
        </resource>
        <resource href="id-bd44a757f562/SineRule-001.xml" type="imsqti_item_xmlv3p0" identifier="id-bd44a757f562">
            <metadata>
                <imsmd:lom>
                    <imsmd:general>
                        <imsmd:description>
                            <imsmd:string xml:lang="en">This question is an XML file imported into Spectatus.</imsmd:string>
                        </imsmd:description>
                    </imsmd:general>
                </imsmd:lom>
            </metadata>
            <file href="id-bd44a757f562/SineRule-001.xml"/>
        </resource>
        <resource href="id-13b92f311fc0/SineRule-002-maths.xml" type="imsqti_item_xmlv3p0" identifier="id-13b92f311fc0">
            <metadata>
                <imsmd:lom>
                    <imsmd:general>
                        <imsmd:description>
                            <imsmd:string xml:lang="en">This question is an XML file imported into Spectatus.</imsmd:string>
                        </imsmd:description>
                    </imsmd:general>
                </imsmd:lom>
            </metadata>
            <file href="id-13b92f311fc0/SineRule-002-maths.xml"/>
        </resource>
        <resource href="id-c0bdd9a130c7/text_entry-calculus.xml" type="imsqti_item_xmlv3p0" identifier="id-c0bdd9a130c7">
            <metadata>
                <imsmd:lom>
                    <imsmd:general>
                        <imsmd:description>
                            <imsmd:string xml:lang="en">This question is an XML file imported into Spectatus.</imsmd:string>
                        </imsmd:description>
                    </imsmd:general>
                </imsmd:lom>
            </metadata>
            <file href="id-c0bdd9a130c7/text_entry-calculus.xml"/>
        </resource>
        <resource href="id-d565dbe89933/text_entry-Lycidas.xml" type="imsqti_item_xmlv3p0" identifier="id-d565dbe89933">
            <metadata>
                <imsmd:lom>
                    <imsmd:general>
                        <imsmd:description>
                            <imsmd:string xml:lang="en">This question is an XML file imported into Spectatus.</imsmd:string>
                        </imsmd:description>
                    </imsmd:general>
                </imsmd:lom>
            </metadata>
            <file href="id-d565dbe89933/text_entry-Lycidas.xml"/>
        </resource>
        <resource href="id-83210b60ed8f/TF-choice.xml" type="imsqti_item_xmlv3p0" identifier="id-83210b60ed8f">
            <metadata>
                <imsmd:lom>
                    <imsmd:general>
                        <imsmd:description>
                            <imsmd:string xml:lang="en">This question is an XML file imported into Spectatus.</imsmd:string>
                        </imsmd:description>
                    </imsmd:general>
                </imsmd:lom>
            </metadata>
            <file href="id-83210b60ed8f/TF-choice.xml"/>
        </resource>
        <resource href="id-f9f3153e2ba4/TheAnswer-001.xml" type="imsqti_item_xmlv3p0" identifier="id-f9f3153e2ba4">
            <metadata>
                <imsmd:lom>
                    <imsmd:general>
                        <imsmd:description>
                            <imsmd:string xml:lang="en">This question is an XML file imported into Spectatus.</imsmd:string>
                        </imsmd:description>
                    </imsmd:general>
                </imsmd:lom>
            </metadata>
            <file href="id-f9f3153e2ba4/TheAnswer-001.xml"/>
        </resource>
    </resources>
</manifest>