<?xml version="1.0" encoding="UTF-8"?>
<assessmentItem xmlns="http://www.imsglobal.org/xsd/imsqtiasi_v3p0"
	xmlns:xsi="http://www.w3.org/2001/XMLSchema-instance"
        xmlns:ssml="http://www.w3.org/2010/10/synthesis"
	xsi:schemaLocation="http://www.imsglobal.org/xsd/imsqtiasi_v3p0 http://www.imsglobal.org/xsd/qti/qtiv3p0/imsqti_itemv3p0_v1p0.xsd 
            http://www.w3.org/2001/10/synthesis http://www.w3.org/TR/speech-synthesis11/synthesis.xsd" 
	identifier="exemplar06" title="Why did Anina call the flamingos" 
        adaptive="false" timeDependent="false">
    <responseDeclaration identifier="RESPONSE" cardinality="single" baseType="string"/>
    
    <outcomeDeclaration identifier="SCORE" cardinality="single" baseType="float">
        <defaultValue>
            <value>0</value>
        </defaultValue>
    </outcomeDeclaration>
    <outcomeDeclaration identifier="MAXSCORE" cardinality="single" baseType="float">
        <defaultValue>
            <value>1</value>
        </defaultValue>
    </outcomeDeclaration>

    <assessmentStimulusRef identifier="Stimulus1" href="passages/unbelievableNight.xml" title="Common Stimulus" /> 
    <itemBody>
        <qti-extended-text-interaction expected-length="300" expected-lines="4" format="plain"
            max-strings="1" min-strings="1" response-identifier="RESPONSE">
            <qti-prompt data-catalog-idref="content3">Why did Anina call the flamingos?</qti-prompt>
        </qti-extended-text-interaction>
    </itemBody>
    <qti-catalog-info>
        <qti-catalog id="content3">
            <qti-card support="braille">
                <qti-html-content>Why did Anina call the flamingos?</qti-html-content>
            </qti-card>
            <qti-card support="spoken">
                <qti-card-entry data-reading-type="computer-read-aloud">
                    <qti-html-content>Why did <ssml:sub alias="A-nina">Anina</ssml:sub> call the flamingos?</qti-html-content>
                </qti-card-entry>
            </qti-card>
        </qti-catalog>
    </qti-catalog-info>

    <responseProcessing>
        <responseCondition>
            <responseIf>
                <match>
                    <variable identifier="RESPONSE"/>
                    <correct identifier="RESPONSE"/>
                </match>
                <setOutcomeValue identifier="SCORE">
                    <variable identifier="MAXSCORE"/>
                </setOutcomeValue>
            </responseIf>
        </responseCondition>
    </responseProcessing>
</assessmentItem>

