<?xml version="1.0" encoding="UTF-8"?>
<assessmentItem xmlns="http://www.imsglobal.org/xsd/imsqtiasi_v3p0"
	xmlns:xsi="http://www.w3.org/2001/XMLSchema-instance"
	xsi:schemaLocation="http://www.imsglobal.org/xsd/imsqtiasi_v3p0 https://www.imsglobal.org/xsd/qti/qtiv3p0/imsqti_asiv3p0_v1p0.xsd" 
	identifier="exemplar05" title="Where did the crocodile come from" 
        adaptive="false" timeDependent="false">
    <responseDeclaration identifier="RESPONSE" baseType="identifier" cardinality="single">
        <correctResponse>
            <value>B</value>
        </correctResponse>
    </responseDeclaration>
    <outcomeDeclaration identifier="SCORE" cardinality="single" baseType="float">
        <defaultValue>
            <value>0</value>
        </defaultValue>
    </outcomeDeclaration>
    <outcomeDeclaration identifier="MAXSCORE" cardinality="single" baseType="float">
        <defaultValue>
            <value>1</value>
        </defaultValue>
    </outcomeDeclaration>

    <assessmentStimulusRef identifier="Stimulus1" href="passages/unbelievableNight.xml"/>
    
    <itemBody>
        <!-- Use QTI 3 Shared CSS vocabulary to make this a two-column layout where the stimulus is in the 
             left column and the stem + interaction are in the right column. 
        -->
        <div class="qti-layout-row">
            <div class="qti-layout-col6">
            
                 <!-- Be explicit about the placement of the stimulus in the itemBody.  Here, we place the
                      stimulus in the left-most column of the two-column item layout by specifying a docking <div> with 
                      data-stimulus-idref that refers to the identifier of the above assessmentStimulusRef.
                 -->
                 <div class="qti-shared-stimulus" data-stimulus-idref="Stimulus1"></div>
                 
            </div> <!-- /left col6 -->
            
            <div class="qti-layout-col6">
                 <qti-choice-interaction max-choices="1" shuffle="false" response-identifier="RESPONSE">
                      <qti-prompt data-catalog-idref="content4">Where did the crocodile come from?</qti-prompt>
                      <qti-simple-choice identifier="A" data-catalog-idref="content3">the bathroom</qti-simple-choice>
                      <qti-simple-choice identifier="B" data-catalog-idref="content6">a magazine cover</qti-simple-choice>
                      <qti-simple-choice identifier="C" data-catalog-idref="content7">under the bed</qti-simple-choice>
                      <qti-simple-choice identifier="D" data-catalog-idref="content5">a nearby river</qti-simple-choice>
                 </qti-choice-interaction>
            </div> <!-- /right col6 -->
            
        </div> <!-- /row -->
    </itemBody>
    <qti-catalog-info>
        <qti-catalog id="content4">
            <qti-card support="braille">
                <qti-html-content>Where did the crocodile come from?</qti-html-content>
            </qti-card>
            <qti-card support="spoken">
                <qti-card-entry data-reading-type="computer-read-aloud">
                    <qti-html-content>Where did the crocodile come from?</qti-html-content>
                </qti-card-entry>
            </qti-card>
        </qti-catalog>
        <qti-catalog id="content3">
            <qti-card support="braille">
                <qti-html-content>the bathroom</qti-html-content>
            </qti-card>
            <qti-card support="spoken">
                <qti-card-entry data-reading-type="computer-read-aloud">
                    <qti-html-content>the bathroom</qti-html-content>
                </qti-card-entry>
            </qti-card>
        </qti-catalog>
        <qti-catalog id="content6">
            <qti-card support="braille">
                <qti-html-content>a magazine cover</qti-html-content>
            </qti-card>
            <qti-card support="spoken">
                <qti-card-entry data-reading-type="computer-read-aloud">
                    <qti-html-content>a magazine cover</qti-html-content>
                </qti-card-entry>
            </qti-card>
        </qti-catalog>
        <qti-catalog id="content7">
            <qti-card support="braille">
                <qti-html-content>under the bed</qti-html-content>
            </qti-card>
            <qti-card support="spoken">
                <qti-card-entry data-reading-type="computer-read-aloud">
                    <qti-html-content>under the bed</qti-html-content>
                </qti-card-entry>
            </qti-card>
        </qti-catalog>
        <qti-catalog id="content5">
            <qti-card support="braille">
                <qti-html-content>a nearby river</qti-html-content>
            </qti-card>
            <qti-card support="spoken">
                <qti-card-entry data-reading-type="computer-read-aloud">
                    <qti-html-content>a nearby river</qti-html-content>
                </qti-card-entry>
            </qti-card>
        </qti-catalog>
    </qti-catalog-info>
    <responseProcessing>
        <responseCondition>
            <responseIf>
                <match>
                    <variable identifier="RESPONSE"/>
                    <correct identifier="RESPONSE"/>
                </match>
                <setOutcomeValue identifier="SCORE">
                    <variable identifier="MAXSCORE"/>
                </setOutcomeValue>
            </responseIf>
        </responseCondition>
    </responseProcessing>
</assessmentItem>
