<?xml version="1.0" encoding="UTF-8"?>
<qti-assessment-item xmlns="http://www.imsglobal.org/xsd/imsqtiasi_v3p0"
	xmlns:xsi="http://www.w3.org/2001/XMLSchema-instance"
        xmlns:ssml="http://www.w3.org/2001/10/synthesis"
	xsi:schemaLocation="http://www.imsglobal.org/xsd/imsqtiasi_v3p0 https://www.imsglobal.org/xsd/qti/qtiv3p0/imsqti_asiv3p0_v1p0.xsd 
            http://www.w3.org/2001/10/synthesis http://www.w3.org/TR/speech-synthesis11/synthesis.xsd" 
	identifier="exemplar06" title="Why did Anina call the flamingos" 
        adaptive="false" time-dependent="false">
    <qti-response-declaration identifier="RESPONSE" cardinality="single" base-type="string"/>
    
    <qti-outcome-declaration identifier="SCORE" cardinality="single" base-type="float">
        <qti-default-value>
            <qti-value>0</qti-value>
        </qti-default-value>
    </qti-outcome-declaration>
    <qti-outcome-declaration identifier="MAXSCORE" cardinality="single" base-type="float">
        <qti-default-value>
            <qti-qti-value>1</qti-qti-value>
        </qti-default-value>
    </qti-outcome-declaration>

    <qti-assessment-stimulus-ref identifier="Stimulus1" href="passages/unbelievableNight.xml"/>
    
    <qti-item-body>
        <qti-extended-text-interaction expected-length="300" expected-lines="4" format="plain"
            max-strings="1" min-strings="1" response-identifier="RESPONSE">
            <qti-prompt data-catalog-idref="content3">Why did Anina call the flamingos?</qti-prompt>
        </qti-extended-text-interaction>
    </qti-item-body>
    <qti-catalog-info>
        <qti-catalog id="content3">
            <qti-card support="braille">
                <qti-html-content>Why did Anina call the flamingos?</qti-html-content>
            </qti-card>
            <qti-card support="spoken">
                <qti-card-entry data-reading-type="computer-read-aloud">
                    <qti-html-content>Why did <ssml:sub alias="A-nina">Anina</ssml:sub> call the flamingos?</qti-html-content>
                </qti-card-entry>
            </qti-card>
        </qti-catalog>
    </qti-catalog-info>

    <qti-response-processing>
        <qti-response-condition>
            <qti-response-if>
                <qti-match>
                    <qti-variable identifier="RESPONSE"/>
                    <qti-correct identifier="RESPONSE"/>
                </qti-match>
                <qti-set-outcome-value identifier="SCORE">
                    <qti-variable identifier="MAXSCORE"/>
                </qti-set-outcome-value>
            </qti-response-if>
        </qti-response-condition>
    </qti-response-processing>
</qti-assessment-item>

