<?xml version="1.0" encoding="UTF-8"?>
<manifest xmlns="http://www.imsglobal.org/xsd/qti/qtiv3p0/imscp_v1p1" 
	xmlns:xsi="http://www.w3.org/2001/XMLSchema-instance"
        xmlns:imsmd="http://ltsc.ieee.org/xsd/LOM" 
        xsi:schemaLocation="http://www.imsglobal.org/xsd/qti/qtiv3p0/imscp_v1p1 https://www.imsglobal.org/xsd/qti/qtiv3p0/imsqtiv3p0_imscpv1p2_v1p0.xsd http://ltsc.ieee.org/xsd/LOM https://www.imsglobal.org/xsd/imsmd_loose_v1p3p2.xsd"
    identifier="sharedStimulus">
    <metadata>
        <schema>QTI Package</schema>
        <schemaversion>3.0.0</schemaversion>
        <imsmd:lom xmlns:imsmd="http://ltsc.ieee.org/xsd/LOM">
            <imsmd:general>
                <imsmd:identifier>
                    <imsmd:catalog>urn:fdc:imsglobal.org:contentPackage:sharedStimulusExampleQTI3</imsmd:catalog>
                </imsmd:identifier>
                <imsmd:title>
                    <imsmd:string language="en">Example of Packaging a shared stimulus in QTI 3.0</imsmd:string>
                </imsmd:title>
                <imsmd:language>en</imsmd:language>
                <imsmd:description>
                    <imsmd:string language="en">This package contains a passage
                        packaged as a QTI 3 assessmentStimulus and referenced in
                        the 3 items included in the package
                    </imsmd:string>
                </imsmd:description>
            </imsmd:general>
            <imsmd:lifeCycle>
                <imsmd:version>
                    <imsmd:string language="en">1.0</imsmd:string>
                </imsmd:version>
                <imsmd:status>
                    <imsmd:source>LOMv1.0</imsmd:source>
                    <imsmd:value>Final</imsmd:value>
                </imsmd:status>
            </imsmd:lifeCycle>
            <imsmd:metaMetadata>
                <imsmd:metadataschema>LOMv1.0</imsmd:metadataschema>
                <imsmd:metadataschema>QTIv3.0</imsmd:metadataschema>
                <imsmd:language>en</imsmd:language>
            </imsmd:metaMetadata>
        </imsmd:lom>
    </metadata> 
    <organizations/> 
    <resources>
        <!-- This shared stimulus is referenced by Item1, Item2, and Item3 -->
        <resource identifier="Stimulus1" type="imsqti_stimulus_xmlv3p0"
            href="passages/unbelievableNight.xml"> 
            <file href="passages/unbelievableNight.xml"/> 
            <file href="passages/images/exemplarSection01_title.png"/> 
            <file href="passages/images/exemplarSection01_croc.png"/> 
            <file href="passages/images/exemplarSection01_flamingos.png"/>
            <file href="passages/stylesheets/unbelievable_night.css"/>
        </resource>    
        <resource identifier="Item1" href="exemplar06.xml" type="imsqti_item_xmlv3p0"> 
            <file href="exemplar06.xml"/> 
            <dependency identifierref="Stimulus1"/> 
        </resource> 
        <resource identifier="Item2" type="imsqti_item_xmlv3p0" href="exemplar04.xml"> 
            <file href="exemplar04.xml"/> 
            <dependency identifierref="Stimulus1"/> 
        </resource> 
        <resource identifier="Item3" type="imsqti_item_xmlv3p0" href="exemplar05.xml">
            <file href="exemplar05.xml"/> 
            <dependency identifierref="Stimulus1"/> 
        </resource> 
    </resources> 
</manifest>