<?xml version="1.0" encoding="UTF-8" standalone="yes"?>
<qti-assessment-item tool-version="0.5.1" tool-name="Mathqurate" title="The answer to..." time-dependent="false" identifier="TheAnswer-001" adaptive="false" xsi:schemaLocation="http://www.imsglobal.org/xsd/imsqtiasi_v3p0 https://purl.imsglobal.org/spec/qti/v3p0/schema/xsd/imsqti_asiv3p0_v1p0.xsd" xmlns="http://www.imsglobal.org/xsd/imsqtiasi_v3p0" xmlns:xi="http://www.w3.org/2001/XInclude" xmlns:m="http://www.w3.org/1998/Math/MathML" xmlns:xsi="http://www.w3.org/2001/XMLSchema-instance">
    <qti-response-declaration identifier="RESPONSE" cardinality="single" base-type="integer"/>
    <qti-response-declaration identifier="pRESPONSE" cardinality="single" base-type="string"/>
    <qti-outcome-declaration base-type="identifier" cardinality="single" identifier="FEEDBACK"/>
    <qti-outcome-declaration base-type="float" cardinality="single" identifier="SCORE" normal-maximum="10.0" normal-minimum="0.0">
        <qti-default-value>
            <qti-value>0.0</qti-value>
        </qti-default-value>
    </qti-outcome-declaration>
    <qti-item-body>
        <p>What is the answer to life, the universe and everything?</p>
        <div class="">
            <qti-text-entry-interaction response-identifier="RESPONSE" expected-length="100"/>
        </div>
        <div class="">
            <qti-feedback-inline id="feedbackInline3" show-hide="show" outcome-identifier="FEEDBACK" identifier="Correct"> OK </qti-feedback-inline></div>
        <div class="">
            <qti-feedback-inline id="feedbackInline2" show-hide="show" outcome-identifier="FEEDBACK" identifier="Incorrect"> No</qti-feedback-inline></div>
    </qti-item-body>
    <qti-response-processing>
        <qti-response-condition>
            <qti-response-if>
                <qti-is-null>
                    <qti-variable identifier="RESPONSE"/>
                </qti-is-null>
                <qti-set-outcome-value identifier="SCORE">
                    <qti-base-value base-type="float">0</qti-base-value>
                </qti-set-outcome-value>
            </qti-response-if>
            <qti-response-else>
                <qti-response-condition>
                    <qti-response-if>
                        <qti-equal tolerance-mode="exact">
                            <qti-variable identifier="RESPONSE"/>
                            <qti-base-value base-type="integer">42</qti-base-value>
                        </qti-equal>
                        <qti-set-outcome-value identifier="FEEDBACK">
                            <qti-base-value base-type="identifier">Correct</qti-base-value>
                        </qti-set-outcome-value>
                        <qti-set-outcome-value identifier="SCORE">
                            <qti-base-value base-type="float">10.0</qti-base-value>
                        </qti-set-outcome-value>
                    </qti-response-if>
                    <qti-response-else>
                        <qti-set-outcome-value identifier="FEEDBACK">
                            <qti-base-value base-type="identifier">Incorrect</qti-base-value>
                        </qti-set-outcome-value>
                        <qti-set-outcome-value identifier="SCORE">
                            <qti-base-value base-type="float">0.0</qti-base-value>
                        </qti-set-outcome-value>
                    </qti-response-else>
                </qti-response-condition>
                <qti-set-outcome-value identifier="completionStatus">
                    <qti-base-value base-type="identifier">completed</qti-base-value>
                </qti-set-outcome-value>
            </qti-response-else>
        </qti-response-condition>
    </qti-response-processing>
</qti-assessment-item>