<?xml version="1.0" encoding="UTF-8"?>
<qti-assessment-item xmlns="http://www.imsglobal.org/xsd/imsqtiasi_v3p0" xmlns:xsi="http://www.w3.org/2001/XMLSchema-instance" xsi:schemaLocation="http://www.imsglobal.org/xsd/imsqtiasi_v3p0 https://www.imsglobal.org/xsd/qti/qtiv3p0/imsqti_asiv3p0_v1p0.xsd" identifier="qti3-unattended-luggage-02" title="Unattended Luggage QTI3 - label/ctrl options" adaptive="false" time-dependent="false">
	<qti-response-declaration identifier="RESPONSE" cardinality="single" base-type="identifier">
		<qti-correct-response>
			<qti-value>ChoiceA</qti-value>
		</qti-correct-response>
	</qti-response-declaration>
	<qti-response-declaration identifier="RESPONSE1" cardinality="single" base-type="identifier">
		<qti-correct-response>
			<qti-value>ChoiceA</qti-value>
		</qti-correct-response>
	</qti-response-declaration>
	<qti-response-declaration identifier="RESPONSE2" cardinality="single" base-type="identifier">
		<qti-correct-response>
			<qti-value>ChoiceA</qti-value>
		</qti-correct-response>
	</qti-response-declaration>
	<qti-response-declaration identifier="RESPONSE3" cardinality="single" base-type="identifier">
		<qti-correct-response>
			<qti-value>ChoiceA</qti-value>
		</qti-correct-response>
	</qti-response-declaration>
	<qti-response-declaration identifier="RESPONSE4" cardinality="single" base-type="identifier">
		<qti-correct-response>
			<qti-value>ChoiceA</qti-value>
		</qti-correct-response>
	</qti-response-declaration>
	<qti-response-declaration identifier="RESPONSE5" cardinality="single" base-type="identifier">
		<qti-correct-response>
			<qti-value>ChoiceA</qti-value>
		</qti-correct-response>
	</qti-response-declaration>
	<qti-response-declaration identifier="RESPONSE6" cardinality="single" base-type="identifier">
		<qti-correct-response>
			<qti-value>ChoiceA</qti-value>
		</qti-correct-response>
	</qti-response-declaration>
	<qti-outcome-declaration identifier="SCORE" cardinality="single" base-type="float">
		<qti-default-value>
			<qti-value>0</qti-value>
		</qti-default-value>
	</qti-outcome-declaration>
	<qti-item-body>
		<p>Look at the text in the picture.  What does it say?</p>
		<p>
			<img src="images/sign.png" alt="NEVER LEAVE LUGGAGE UNATTENDED"/>
		</p>

		<qti-choice-interaction class="qti-labels-none" max-choices="1" shuffle="false" response-identifier="RESPONSE">
			<qti-prompt>Demonstrates <em>qti-labels-none</em>.</qti-prompt>
			<qti-simple-choice identifier="ChoiceA">You must stay with your luggage at all times.</qti-simple-choice>
			<qti-simple-choice identifier="ChoiceB">Do not let someone else look after your luggage.</qti-simple-choice>
			<qti-simple-choice identifier="ChoiceC">Remember your luggage when you leave.</qti-simple-choice>
		</qti-choice-interaction>
		
		<qti-choice-interaction class="qti-labels-decimal" max-choices="1" shuffle="false" response-identifier="RESPONSE1">
			<qti-prompt>Demonstrates <em>qti-labels-decimal</em>.</qti-prompt>
			<qti-simple-choice identifier="ChoiceA">You must stay with your luggage at all times.</qti-simple-choice>
			<qti-simple-choice identifier="ChoiceB">Do not let someone else look after your luggage.</qti-simple-choice>
			<qti-simple-choice identifier="ChoiceC">Remember your luggage when you leave.</qti-simple-choice>
		</qti-choice-interaction>
		
		<qti-choice-interaction class="qti-labels-lower-alpha" max-choices="1" shuffle="false" response-identifier="RESPONSE2">
			<qti-prompt>Demonstrates <em>qti-labels-lower-alpha</em>.</qti-prompt>
			<qti-simple-choice identifier="ChoiceA">You must stay with your luggage at all times.</qti-simple-choice>
			<qti-simple-choice identifier="ChoiceB">Do not let someone else look after your luggage.</qti-simple-choice>
			<qti-simple-choice identifier="ChoiceC">Remember your luggage when you leave.</qti-simple-choice>
		</qti-choice-interaction>
		
		<qti-choice-interaction class="qti-labels-upper-alpha" max-choices="1" shuffle="false" response-identifier="RESPONSE3">
			<qti-prompt>Demonstrates <em>qti-labels-upper-alpha</em>.</qti-prompt>
			<qti-simple-choice identifier="ChoiceA">You must stay with your luggage at all times.</qti-simple-choice>
			<qti-simple-choice identifier="ChoiceB">Do not let someone else look after your luggage.</qti-simple-choice>
			<qti-simple-choice identifier="ChoiceC">Remember your luggage when you leave.</qti-simple-choice>
		</qti-choice-interaction>
		
		<qti-choice-interaction class="qti-input-control-hidden" max-choices="1" shuffle="false" response-identifier="RESPONSE4">
			<qti-prompt>Demonstrates <em>qti-input-control-hidden</em>.</qti-prompt>
			<qti-simple-choice identifier="ChoiceA">You must stay with your luggage at all times.</qti-simple-choice>
			<qti-simple-choice identifier="ChoiceB">Do not let someone else look after your luggage.</qti-simple-choice>
			<qti-simple-choice identifier="ChoiceC">Remember your luggage when you leave.</qti-simple-choice>
		</qti-choice-interaction>

		<qti-choice-interaction class="qti-input-control-hidden qti-labels-none" max-choices="1" shuffle="false" response-identifier="RESPONSE5">
			<qti-prompt>Demonstrates <em>qti-input-control-hidden qti-labels-none</em>.</qti-prompt>
			<qti-simple-choice identifier="ChoiceA">You must stay with your luggage at all times.</qti-simple-choice>
			<qti-simple-choice identifier="ChoiceB">Do not let someone else look after your luggage.</qti-simple-choice>
			<qti-simple-choice identifier="ChoiceC">Remember your luggage when you leave.</qti-simple-choice>
		</qti-choice-interaction>
		
		<qti-choice-interaction class="qti-input-control-hidden qti-choices-stacking-3" max-choices="1" shuffle="false" response-identifier="RESPONSE6">
			<qti-prompt>Demonstrates <em>qti-input-control-hidden qti-choices-stacking-3</em>.</qti-prompt>
			<qti-simple-choice identifier="ChoiceA">You must stay with your luggage at all times.</qti-simple-choice>
			<qti-simple-choice identifier="ChoiceB">Do not let someone else look after your luggage.</qti-simple-choice>
			<qti-simple-choice identifier="ChoiceC">Remember your luggage when you leave.</qti-simple-choice>
		</qti-choice-interaction>
		
	</qti-item-body>
</qti-assessment-item>