<?xml version="1.0" encoding="UTF-8"?>
<qti-response-processing xmlns="http://www.imsglobal.org/xsd/imsqtiasi_v3p0" xmlns:xsi="http://www.w3.org/2001/XMLSchema-instance" 
                         xsi:schemaLocation="http://www.imsglobal.org/xsd/imsqtiasi_v3p0 https://purl.imsglobal.org/spec/qti/v3p0/schema/xsd/imsqti_asiv3p0_v1p0.xsd">
    <!-- This template defines an algorithm to process items with text entry interactions -->
    <qti-response-condition>
        <qti-response-if>
            <qti-is-null>
                <qti-variable identifier="RESPONSE"/>
            </qti-is-null>
            <qti-set-outcome-value identifier="SCORE">
                <qti-base-value base-type="float">0.0</qti-base-value>
            </qti-set-outcome-value>
        </qti-response-if>
        <qti-response-else>
            <qti-set-outcome-value identifier="SCORE">
                <qti-map-response identifier="RESPONSE"/>
            </qti-set-outcome-value>
        </qti-response-else>
    </qti-response-condition>
    <qti-response-condition>
        <qti-response-if>
            <qti-equal tolerance-mode="exact">
                <qti-variable identifier="MAXSCORE"/>
                <qti-variable identifier="SCORE"/>
            </qti-equal>
            <qti-set-outcome-value identifier="FEEDBACK">
                <qti-base-value base-type="identifier">correct</qti-base-value>
            </qti-set-outcome-value>
        </qti-response-if>
        <qti-response-else>
            <qti-set-outcome-value identifier="FEEDBACK">
                <qti-base-value base-type="identifier">incorrect</qti-base-value>
            </qti-set-outcome-value>
        </qti-response-else>
    </qti-response-condition>
</qti-response-processing>