<?xml version="1.0" encoding="UTF-8"?>
<qti-assessment-item xmlns="http://www.imsglobal.org/xsd/imsqtiasi_v3p0" xmlns:xsi="http://www.w3.org/2001/XMLSchema-instance" xsi:schemaLocation="http://www.imsglobal.org/xsd/imsqtiasi_v3p0 https://purl.imsglobal.org/spec/qti/v3p0/schema/xsd/imsqti_asiv3p0_v1p0.xsd" xmlns:xi="http://www.w3.org/2001/XInclude" xmlns:m="http://www.w3.org/1998/Math/MathML" tool-name="Mathqurate" tool-version="1.0" xml:lang="en" identifier="jumble-inlineChoice" title="Jumble: Legend - inlineChoice" adaptive="false" time-dependent="false">
    <qti-response-declaration identifier="RESPONSE1" cardinality="single" base-type="identifier">
        <qti-correct-response>
            <qti-value>F1</qti-value>
        </qti-correct-response>
    </qti-response-declaration>
    <qti-response-declaration identifier="RESPONSE2" cardinality="single" base-type="identifier">
        <qti-correct-response>
            <qti-value>C2</qti-value>
        </qti-correct-response>
    </qti-response-declaration>
    <qti-response-declaration identifier="RESPONSE3" cardinality="single" base-type="identifier">
        <qti-correct-response>
            <qti-value>H3</qti-value>
        </qti-correct-response>
    </qti-response-declaration>
    <!--<responseDeclaration identifier="RESPONSE4" cardinality="multiple" baseType="directedPair">
        <correctResponse>
            <value>F G1</value>
            <value>C G2</value>
            <value>H G3</value>
        </correctResponse>
    </responseDeclaration>-->
    <qti-outcome-declaration identifier="SCORE" cardinality="single" base-type="float">
        <qti-default-value>
            <qti-value>0.0</qti-value>
        </qti-default-value>
    </qti-outcome-declaration>
    <qti-outcome-declaration identifier="SCORE1" cardinality="single" base-type="float">
        <qti-default-value>
            <qti-value>0.0</qti-value>
        </qti-default-value>
    </qti-outcome-declaration>
    <qti-outcome-declaration identifier="SCORE2" cardinality="single" base-type="float">
        <qti-default-value>
            <qti-value>0.0</qti-value>
        </qti-default-value>
    </qti-outcome-declaration>
    <qti-outcome-declaration identifier="SCORE3" cardinality="single" base-type="float">
        <qti-default-value>
            <qti-value>0.0</qti-value>
        </qti-default-value>
    </qti-outcome-declaration>
    <qti-outcome-declaration identifier="FEEDBACK" cardinality="single" base-type="identifier"/>
    
    <qti-item-body>
        <div>            
            <blockquote>
                <p>The bandit killed her <qti-inline-choice-interaction response-identifier="RESPONSE1" shuffle="true">
                    <qti-inline-choice identifier="C1">castle</qti-inline-choice>
                    <qti-inline-choice identifier="F1">family</qti-inline-choice>
                    <qti-inline-choice identifier="H1">horse</qti-inline-choice>
                    <qti-inline-choice identifier="S1">sword</qti-inline-choice>
                </qti-inline-choice-interaction> and burned her <qti-inline-choice-interaction response-identifier="RESPONSE2" shuffle="true">
                    <qti-inline-choice identifier="C2">castle</qti-inline-choice>
                    <qti-inline-choice identifier="F2">family</qti-inline-choice>
                    <qti-inline-choice identifier="H2">horse</qti-inline-choice>
                    <qti-inline-choice identifier="S2">sword</qti-inline-choice>
                </qti-inline-choice-interaction>, 
                    then jumped on her <qti-inline-choice-interaction response-identifier="RESPONSE3" shuffle="true">
                        <qti-inline-choice identifier="C3">castle</qti-inline-choice>
                        <qti-inline-choice identifier="F3">family</qti-inline-choice>
                        <qti-inline-choice identifier="H3">horse</qti-inline-choice>
                        <qti-inline-choice identifier="S3">sword</qti-inline-choice>
                    </qti-inline-choice-interaction> and rode away.</p>
            </blockquote>
        </div>
        <!--<gapMatchInteraction responseIdentifier="RESPONSE4" shuffle="true">
            <gapText identifier="F" matchMax="1">family</gapText>
            <gapText identifier="C" matchMax="1">castle</gapText>
            <gapText identifier="S" matchMax="1">sword</gapText>
            <gapText identifier="H" matchMax="1">horse</gapText>
            <blockquote>
                <p>The bandit killed her <gap identifier="G1"/> and burned her <gap identifier="G2"/>, 
                    then jumped on her <gap identifier="G3"/> and rode away.</p>
            </blockquote>
        </gapMatchInteraction>-->
        <p>
            <qti-feedback-inline outcome-identifier="FEEDBACK" show-hide="show" identifier="OK">
                Yes, that's what he did.</qti-feedback-inline>
            <qti-feedback-inline outcome-identifier="FEEDBACK" show-hide="show" identifier="No">
                No, that's not what he did.</qti-feedback-inline>
        </p>
    </qti-item-body>
    <qti-response-processing>
        <qti-response-condition>
            <qti-response-if>
                <qti-match>
                    <qti-variable identifier="RESPONSE1"/>
                    <qti-correct identifier="RESPONSE1"/>
                </qti-match>
                <qti-set-outcome-value identifier="SCORE1">
                    <qti-base-value base-type="float">1.0</qti-base-value>
                </qti-set-outcome-value>
            </qti-response-if>
            <qti-response-else>
                <qti-set-outcome-value identifier="SCORE1">
                    <qti-base-value base-type="float">0.0</qti-base-value>
                </qti-set-outcome-value>
            </qti-response-else>
        </qti-response-condition>
        <qti-response-condition>
            <qti-response-if>
                <qti-match>
                    <qti-variable identifier="RESPONSE2"/>
                    <qti-correct identifier="RESPONSE2"/>
                </qti-match>
                <qti-set-outcome-value identifier="SCORE2">
                    <qti-base-value base-type="float">1.0</qti-base-value>
                </qti-set-outcome-value>
            </qti-response-if>
            <qti-response-else>
                <qti-set-outcome-value identifier="SCORE2">
                    <qti-base-value base-type="float">0.0</qti-base-value>
                </qti-set-outcome-value>
            </qti-response-else>
        </qti-response-condition>
        <qti-response-condition>
            <qti-response-if>
                <qti-match>
                    <qti-variable identifier="RESPONSE3"/>
                    <qti-correct identifier="RESPONSE3"/>
                </qti-match>
                <qti-set-outcome-value identifier="SCORE3">
                    <qti-base-value base-type="float">1.0</qti-base-value>
                </qti-set-outcome-value>
            </qti-response-if>
            <qti-response-else>
                <qti-set-outcome-value identifier="SCORE3">
                    <qti-base-value base-type="float">0.0</qti-base-value>
                </qti-set-outcome-value>
            </qti-response-else>
        </qti-response-condition>
        <qti-set-outcome-value identifier="SCORE">
            <qti-sum>
                <qti-variable identifier="SCORE1"/>
                <qti-variable identifier="SCORE2"/>
                <qti-variable identifier="SCORE3"/>
            </qti-sum>
        </qti-set-outcome-value>
        <!--<responseCondition>
            <responseIf>
                <match>
                    <variable identifier="RESPONSE4"/>
                    <correct identifier="RESPONSE4"/>
                </match>
                <setOutcomeValue identifier="SCORE">
                    <baseValue baseType="float">3.0</baseValue>
                </setOutcomeValue>
                <setOutcomeValue identifier="FEEDBACK">
                    <multiple>
                        <variable identifier="FEEDBACK"/>
                        <baseValue baseType="identifier">OK</baseValue>
                    </multiple>
                </setOutcomeValue>
            </responseIf>
            <responseElse>
                <setOutcomeValue identifier="SCORE">
                    <baseValue baseType="float">0.0</baseValue>
                </setOutcomeValue>
                <setOutcomeValue identifier="FEEDBACK">
                    <multiple>
                        <variable identifier="FEEDBACK"/>
                        <baseValue baseType="identifier">No</baseValue>
                    </multiple>
                </setOutcomeValue>
            </responseElse>
        </responseCondition>-->
        <qti-response-condition>
            <qti-response-if>
                <qti-equal tolerance-mode="exact">
                    <qti-variable identifier="SCORE"/>
                    <qti-base-value base-type="float">3.0</qti-base-value>
                </qti-equal>
                <qti-set-outcome-value identifier="FEEDBACK">
                    <qti-base-value base-type="identifier">OK</qti-base-value>
                </qti-set-outcome-value>
            </qti-response-if>
            <qti-response-else>
                <qti-set-outcome-value identifier="FEEDBACK">
                    <qti-base-value base-type="identifier">No</qti-base-value>
                </qti-set-outcome-value>
            </qti-response-else>
        </qti-response-condition>
    </qti-response-processing>
</qti-assessment-item>