<?xml version="1.0" encoding="UTF-8"?>
<!--  
 Copyright 2016, 2017 and 2018 by Houghton Mifflin Harcourt Publishing Company.
 
 Licensed under the Apache License, Version 2.0 (the "License");
 you may not use this file except in compliance with the License.
 You may obtain a copy of the License at
 
       http://www.apache.org/licenses/LICENSE-2.0
 
 Unless required by applicable law or agreed to in writing, software
 distributed under the License is distributed on an "AS IS" BASIS,
 WITHOUT WARRANTIES OR CONDITIONS OF ANY KIND, either express or implied.
 See the License for the specific language governing permissions and
 limitations under the License.
-->
<qti-assessment-item xmlns="http://www.imsglobal.org/xsd/imsqtiasi_v3p0" xmlns:xsi="http://www.w3.org/2001/XMLSchema-instance"
  xsi:schemaLocation="http://www.imsglobal.org/xsd/imsqtiasi_v3p0 https://purl.imsglobal.org/spec/qti/v3p0/schema/xsd/imsqti_asiv3p0_v1p0.xsd"
  identifier="measuringPh" adaptive="false" time-dependent="false"
  title="Exploring the measurement of pH using red cabbage extract"
>
  <qti-response-declaration identifier="RESPONSE" cardinality="single" base-type="integer"></qti-response-declaration>
  <qti-outcome-declaration identifier="SCORE" cardinality="single" base-type="float">
    <qti-default-value>
      <qti-value>1.0</qti-value>
    </qti-default-value>
  </qti-outcome-declaration>
  <qti-item-body>
    <div>
        <h2>Measuring pH</h2>
        <p>Did you know that red cabbage juice can be used to determine if a liquid
            is an acid or a base? </p>
    
        <qti-portable-custom-interaction response-identifier="RESPONSE" module="tap"
            custom-interaction-type-identifier="urn-fdc-hmhco.com-pci-tapToReveal"
            class="hmh-tap-border-rounded"
            data-toggle="true" data-tap-message="Tap to reveal the color of the solution"
        >
            <qti-interaction-markup>
                <section class="border">
                    <div class="qti-prompt">
                        <p>Add 30ml of red cabbage solution to 100ml of each of the solutions below.</p>
                        <p>Observe the color change.</p>
                        <p>Click to see if your solution became the expected color.</p>
                    </div>
                    <div role="grid">
                        <div role="row">
                            <figure role="gridcell">
                                <figcaption>
                                    <h5>Baking Soda</h5>
                                </figcaption>
                                <img class="tap" src="baking_soda.svg" alt="Baking soda solution turns bright blue."></img>
                            </figure>
                            <figure role="gridcell">
                                <figcaption>
                                    <h5>Vinegar</h5>
                                </figcaption>
                                <img class="tap" src="vinegar.svg" alt="Vinegar turns pink."></img>
                            </figure>
                            <figure role="gridcell">
                                <figcaption>
                                    <h5>Ammonia</h5>
                                </figcaption>
                                <img class="tap" src="ammonia.svg" alt="Ammonia turns light green."></img>
                            </figure>
                        </div>
                    </div>
                </section>
            </qti-interaction-markup>
        </qti-portable-custom-interaction>      
    </div>
 </qti-item-body>
</qti-assessment-item>