<?xml version="1.0" encoding="UTF-8"?>
<!--  
 Copyright 2016, 2017 and 2018 by Houghton Mifflin Harcourt Publishing Company.
 
 Licensed under the Apache License, Version 2.0 (the "License");
 you may not use this file except in compliance with the License.
 You may obtain a copy of the License at
 
       http://www.apache.org/licenses/LICENSE-2.0
 
 Unless required by applicable law or agreed to in writing, software
 distributed under the License is distributed on an "AS IS" BASIS,
 WITHOUT WARRANTIES OR CONDITIONS OF ANY KIND, either express or implied.
 See the License for the specific language governing permissions and
 limitations under the License.
-->
<assessmentItem
  xmlns="http://www.imsglobal.org/xsd/imsqtiasi_v3p0"
  xmlns:xsi="http://www.w3.org/2001/XMLSchema-instance"
  xsi:schemaLocation="http://www.imsglobal.org/xsd/imsqtiasi_v3p0 http://www.imsglobal.org/xsd/qti/qtiv3p0/imsqti_asiv3p0_v1p0.xsd"
  identifier="fractions-no-dependencies"
  title="Simple Shaded Grid Interaction with no module dependencies"
  adaptive="false"
  timeDependent="false">
  <responseDeclaration identifier="RESPONSE" cardinality="single" baseType="identifier">
    <correctResponse>
      <value>1</value>
    </correctResponse>
  </responseDeclaration>
  <responseDeclaration identifier="EXAMPLE" cardinality="single" baseType="identifier">
    <correctResponse>
      <value>6</value>
    </correctResponse>
  </responseDeclaration>  
  <outcomeDeclaration identifier="SCORE" cardinality="single" baseType="float">
    <defaultValue>
      <value>0.0</value>
    </defaultValue>
  </outcomeDeclaration>
  <itemBody>
    <span>
      Mary is saving to buy a birthday present for her mother. 
      Every week she counts the money she has saved into piles of $5. 
      At the end of the first week Mary had saved $10 and was planning to
      buy her mother a present worth $30.
      <p> </p>
      She represented this in the following shaded chart with a shaded square
      for every $5 saved and a target of $30.
      <p> </p>
      
    <qti-portable-custom-interaction custom-interaction-type-identifier="urn:fdc:hmhco.com:pci:shading"
        response-identifier="EXAMPLE"
        data-controls="none" data-render="grid" data-selected="0.0,1.0" data-selected_color="red"
        data-unselected_color="white" data-dimension1_initial="3" data-dimension2_initial="2" 
        data-element_diameter="60" data-value="numShaded" data-active="0"
    >
        <qti-interaction-modules>
          <!-- the primary-path URL is deliberately incorrect to demonstrate the use of the fallback-path -->
          <qti-interaction-module id="shading" primary-path="modules/shadingXX.js" fallback-path="modules/shading.js"/>
        </qti-interaction-modules>
        <qti-interaction-markup>
            <!-- PCI module dynamically adds content to this div. -->
        </qti-interaction-markup>
    </qti-portable-custom-interaction>      
    
      <p>By the second week she has already saved the exact amount she planned 
      on spending on the present ($30) and is trying to work out if she will be able
      to afford a more expensive present costing $45.</p>
      <p>To help her do this use the buttons below to create a chart representing
      $45 assuming that each square represents $5 and then click to shade the 
      fraction of the chart representing the amount saved in two weeks.</p>
      
      
    <qti-portable-custom-interaction custom-interaction-type-identifier="urn:fdc:hmhco.com:pci:shading"
        response-identifier="RESPONSE"
        data-controls="full" data-render="grid" data-selected_color="red"
        data-unselected_color="white" data-dimension1_initial="2" data-dimension2_initial="2" 
        data-element_diameter="60" data-value="numShaded" >
        <qti-interaction-modules>
          <!-- the primary-path URL is deliberately incorrect to demonstrate the use of the fallback-path -->
          <qti-interaction-module id="shading" primary-path="modules/shadingYY.js" fallback-path="modules/shading.js"/>
        </qti-interaction-modules>
        <qti-interaction-markup>
            <!-- PCI module dynamically adds content to this div. -->
        </qti-interaction-markup>
    </qti-portable-custom-interaction>
   </span>
  </itemBody>
  <responseProcessing template="http://www.imsglobal.org/question/qti_v2p1/rptemplates/match_correct"/>
</assessmentItem>
