<?xml version="1.0" encoding="UTF-8"?>
<manifest xmlns="http://www.imsglobal.org/xsd/imscp_v1p1" xmlns:xsi="http://www.w3.org/2001/XMLSchema-instance" identifier="MANIFEST-QTI22-1"
	xsi:schemaLocation="http://www.imsglobal.org/xsd/imscp_v1p1 http://www.imsglobal.org/xsd/qti/qtiv2p2/qtiv2p2_imscpv1p2_v1p0.xsd">
	<metadata>
		<schema>QTIv2.2 Package</schema>
		<schemaversion>1.0.0</schemaversion>
		<lom xmlns="http://ltsc.ieee.org/xsd/LOM">
			<general>
				<identifier/>
				<title/>
			</general>
			<lifeCycle>
				<version/>
				<contribute/>
			</lifeCycle>
			<educational>
				<learningResourceType>
					<source>ETS</source>
					<value>QTIv2.2 Package</value>
				</learningResourceType>
			</educational>
			<rights>
				<copyrightAndOtherRestrictions/>
				<description/>
			</rights>
		</lom>
	</metadata>
	<organizations/>
	<resources>
		<resource href="BoxAndWhisker_PCISimulation/modules/interactiveBridge.js" identifier="m3ca1e4c6-0f19-41e5-a3e0-799e28f50a72-1" type="webcontent">
			<file href="BoxAndWhisker_PCISimulation/modules/interactiveBridge.js"/>
		</resource>
		<resource href="BoxAndWhisker_PCISimulation/modules/box-and-whisker.js" identifier="m56d8b7a5-a741-451f-ba41-5c8d08588532-2" type="webcontent">
			<file href="BoxAndWhisker_PCISimulation/modules/box-and-whisker.js"/>
		</resource>
		<resource href="BoxAndWhisker_PCISimulation/modules/box-and-whisker-css.js" identifier="me0341391-04ce-45c4-86fa-1d442094f16a-3" type="webcontent">
			<file href="BoxAndWhisker_PCISimulation/modules/box-and-whisker-css.js"/>
		</resource>
		<resource href="Items/item-JL435359/v1/JL435359.E1.xml" identifier="JL435359" type="imsqti_item_xmlv2p2">
			<metadata>
				<lom xmlns="http://ltsc.ieee.org/xsd/LOM">
					<general>
						<identifier>
							<catalog>ETS</catalog>
							<entry>JL435359</entry>
						</identifier>
						<language>en-us</language>
					</general>
					<lifeCycle>
						<version>
							<string>1</string>
						</version>
					</lifeCycle>
				</lom>
			</metadata>
			<file href="Items/item-JL435359/v1/JL435359.E1.xml"/>
			<dependency identifierref="m3ca1e4c6-0f19-41e5-a3e0-799e28f50a72-1"/>
			<dependency identifierref="m56d8b7a5-a741-451f-ba41-5c8d08588532-2"/>
			<dependency identifierref="me0341391-04ce-45c4-86fa-1d442094f16a-3"/>
		</resource>
	</resources>
</manifest>
