<?xml version="1.0" encoding="UTF-8"?>
<manifest 
    xmlns="http://www.imsglobal.org/xsd/qti/qtiv3p0/imscp_v1p1" 
    xmlns:lom="http://ltsc.ieee.org/xsd/LOM" 
    xmlns:xsi="http://www.w3.org/2001/XMLSchema-instance" 
    xmlns:qtimd="http://www.imsglobal.org/xsd/imsqti_metadata_v3p0" 
    xsi:schemaLocation="http://ltsc.ieee.org/xsd/LOM https://purl.imsglobal.org/spec/md/v1p3/schema/xsd/imsmd_loose_v1p3p2.xsd
    http://www.imsglobal.org/xsd/qti/qtiv3p0/imscp_v1p1 https://purl.imsglobal.org/spec/qti/v3p0/schema/xsd/imsqtiv3p0_imscpv1p2_v1p0.xsd
    http://www.imsglobal.org/xsd/imsqti_metadata_v3p0 https://purl.imsglobal.org/spec/qti/v3p0/schema/xsd/imsqti_metadatav3p0_v1p0.xsd" 
          identifier="LTIExample">
    <metadata>
        <schema>QTI Package</schema>
        <schemaversion>3.0.0</schemaversion>
        <lom:lom xmlns:lom="http://ltsc.ieee.org/xsd/LOM">
            <lom:general>
                <lom:identifier>
                    <lom:catalog>urn:fdc:imsglobal.org:contentPackage:LTIExampleQTI3</lom:catalog>
                </lom:identifier>
                <lom:title>
                    <lom:string language="en">Example of Packaging an item launched via LTI in a QTI content package</lom:string>
                </lom:title>
                <lom:language>en</lom:language>
                <lom:description>
                    <lom:string language="en">This package contains an LTI link to an item
                    </lom:string>
                </lom:description>
            </lom:general>
            <lom:lifeCycle>
                <lom:version>
                    <lom:string language="en">1.0</lom:string>
                </lom:version>
                <lom:status>
                    <lom:source>LOMv1.0</lom:source>
                    <lom:value>Final</lom:value>
                </lom:status>
            </lom:lifeCycle>
            <lom:metaMetadata>
                <lom:metadataschema>LOMv1.0</lom:metadataschema>
                <lom:metadataschema>QTIv3.0</lom:metadataschema>
                <lom:language>en</lom:language>
            </lom:metaMetadata>
        </lom:lom>
    </metadata> 
    <organizations/> 
    <resources> 
        <resource identifier="experiment101" type="imslti_xmlv1p1">
            <metadata>
                <qtimd:qtiMetadata>
                    <qtimd:composite>false</qtimd:composite>
                    <qtimd:interactionType>mediaInteraction</qtimd:interactionType>
                    <qtimd:toolName>Example Streaming Video Tool Provider</qtimd:toolName>
                    <qtimd:toolVersion>1.0</qtimd:toolVersion>
                    <qtimd:toolVendor>example.com</qtimd:toolVendor>
                </qtimd:qtiMetadata>
                <lom:lom>
                    <lom:technical>
                        <lom:location>https://assessment.example.com/provider</lom:location>
                    </lom:technical>         
                </lom:lom>
            </metadata>
            <file href="links/streaming_video_experiment101.xml"/> 
        </resource>    
    </resources> 
</manifest>