<?xml version="1.0" encoding="UTF-8"?>
<!-- Thie example adapted from the PET Handbook, copyright University of Cambridge ESOL Examinations -->
<qti-assessment-item xmlns="http://www.imsglobal.org/xsd/imsqtiasi_v3p0" xmlns:xsi="http://www.w3.org/2001/XMLSchema-instance" xsi:schemaLocation="http://www.imsglobal.org/xsd/imsqtiasi_v3p0 https://purl.imsglobal.org/spec/qti/v3p0/schema/xsd/imsqti_asiv3p0_v1p0.xsd" identifier="MultipleChoice-choice-polynomials" title="Identifying polynomials" adaptive="false" time-dependent="false">
	<qti-response-declaration identifier="RESPONSE" cardinality="single" base-type="identifier">
		<qti-correct-response>
			<qti-value>ChoiceA</qti-value>
		</qti-correct-response>
	</qti-response-declaration>
    <qti-outcome-declaration identifier="SCORE" cardinality="single" base-type="float" normal-maximum="2">
		<qti-default-value>
			<qti-value>0.0</qti-value>
		</qti-default-value>
	</qti-outcome-declaration>
    <qti-outcome-declaration identifier="FEEDBACK" cardinality="single" base-type="identifier"/>
    <qti-item-body>
	    <p>Which of the following is not a polynomial?</p>
		<qti-choice-interaction response-identifier="RESPONSE" shuffle="true" max-choices="1">
			<qti-prompt> </qti-prompt>
			<qti-simple-choice identifier="ChoiceA">
			    <math xmlns="http://www.w3.org/1998/Math/MathML" display="block">
			        <semantics>
			            <mrow>
			                <msup>
			                    <mi>sec</mi>
			                    <mn>2</mn>
			                </msup>
			                <mi>&#x398;</mi>
			            </mrow>
			            <annotation encoding="SnuggleTeX">\[ \sec^2{\theta} \]</annotation>
			        </semantics>
			    </math>
			</qti-simple-choice>
			<qti-simple-choice identifier="ChoiceB">
			    <math xmlns="http://www.w3.org/1998/Math/MathML" display="block">
			        <semantics>
			            <mrow>
			                <mi>x</mi>
			                <mo>+</mo>
			                <mn>1001</mn>
			                <mi>y</mi>
			            </mrow>
			            <annotation encoding="SnuggleTeX">\[ x+1001y \]</annotation>
			        </semantics>
			    </math>
			</qti-simple-choice>
		    <qti-simple-choice identifier="ChoiceC">
		        <math xmlns="http://www.w3.org/1998/Math/MathML" display="block">
		            <semantics>
		                <mrow>
		                    <msup>
		                        <mi>x</mi>
		                        <mn>3</mn>
		                    </msup>
		                    <mo>-</mo>
		                    <mn>5</mn>
		                    <mi>x</mi>
		                    <mo>+</mo>
		                    <mn>87</mn>
		                </mrow>
		                <annotation encoding="SnuggleTeX">\[ x^3-5x+87 \]</annotation>
		            </semantics>
		        </math>
		    </qti-simple-choice>
		    <qti-simple-choice identifier="ChoiceD">
		        <math xmlns="http://www.w3.org/1998/Math/MathML" display="block">
		            <semantics>
		                <mrow>
		                    <mn>1</mn>
		                    <mo>-</mo>
		                    <msup>
		                        <mi>&#x03B6;</mi>
		                        <mn>2</mn>
		                    </msup>
		                </mrow>
		                <annotation encoding="SnuggleTeX">\[ 1-\zeta^2 \]</annotation>
		            </semantics>
		        </math>
		    </qti-simple-choice>
		</qti-choice-interaction>
	    <p>
	        <qti-feedback-inline outcome-identifier="FEEDBACK" show-hide="show" identifier="OK">
	            Yes, that's correct.</qti-feedback-inline>
	        <qti-feedback-inline outcome-identifier="FEEDBACK" show-hide="show" identifier="No">
	            No, that's not correct.</qti-feedback-inline>
	    </p>
	</qti-item-body>
    <qti-response-processing>
        <qti-response-condition>
            <qti-response-if>
                <qti-is-null>
                    <qti-variable identifier="RESPONSE"/>
                </qti-is-null>
                <qti-set-outcome-value identifier="SCORE">
                    <qti-base-value base-type="float">0.0</qti-base-value>
                </qti-set-outcome-value>
            </qti-response-if>
            <qti-response-else>
                <qti-response-condition>
                    <qti-response-if>
                        <qti-match>
                            <qti-variable identifier="RESPONSE"/>
                            <qti-correct identifier="RESPONSE"/>
                        </qti-match>
                        <qti-set-outcome-value identifier="SCORE">
                            <qti-base-value base-type="float">2.0</qti-base-value>
                        </qti-set-outcome-value>
                        <qti-set-outcome-value identifier="FEEDBACK">
                            <qti-base-value base-type="identifier">OK</qti-base-value>
                        </qti-set-outcome-value>
                    </qti-response-if>
                    <qti-response-else>
                        <qti-set-outcome-value identifier="SCORE">
                            <qti-base-value base-type="float">0.0</qti-base-value>
                        </qti-set-outcome-value>
                        <qti-set-outcome-value identifier="FEEDBACK">
                            <qti-base-value base-type="identifier">No</qti-base-value>
                        </qti-set-outcome-value>
                    </qti-response-else>
                </qti-response-condition>
            </qti-response-else>
        </qti-response-condition>
    </qti-response-processing>
</qti-assessment-item>