<?xml version="1.0" encoding="UTF-8"?>
<qti-assessment-item xmlns="http://www.imsglobal.org/xsd/imsqtiasi_v3p0" xmlns:xsi="http://www.w3.org/2001/XMLSchema-instance" xsi:schemaLocation=" http://www.imsglobal.org/xsd/imsqtiasi_v3p0 https://purl.imsglobal.org/spec/qti/v3p0/schema/xsd/imsqti_asiv3p0_v1p0.xsd " identifier="match" title="Characters and Plays" adaptive="false" time-dependent="false">
	<qti-response-declaration identifier="RESPONSE" cardinality="multiple" base-type="directedPair">
		<qti-correct-response>
			<qti-value>C R</qti-value>
			<qti-value>D M</qti-value>
			<qti-value>L M</qti-value>
			<qti-value>P T</qti-value>
		</qti-correct-response>
		<qti-mapping default-value="0">
			<qti-map-entry map-key="C R" mapped-value="1"/>
			<qti-map-entry map-key="D M" mapped-value="0.5"/>
			<qti-map-entry map-key="L M" mapped-value="0.5"/>
			<qti-map-entry map-key="P T" mapped-value="1"/>
		</qti-mapping>
	</qti-response-declaration>
	<qti-outcome-declaration identifier="SCORE" cardinality="single" base-type="float"/>
	<qti-item-body>
		<qti-match-interaction response-identifier="RESPONSE" shuffle="true" max-associations="4">
			<qti-prompt>Match the following characters to the Shakespeare play they appeared in:</qti-prompt>
			<qti-simple-match-set>
				<qti-simple-associable-choice identifier="C" match-max="1">Capulet</qti-simple-associable-choice>
				<qti-simple-associable-choice identifier="D" match-max="1">Demetrius</qti-simple-associable-choice>
				<qti-simple-associable-choice identifier="L" match-max="1">Lysander</qti-simple-associable-choice>
				<qti-simple-associable-choice identifier="P" match-max="1">Prospero</qti-simple-associable-choice>
			</qti-simple-match-set>
			<qti-simple-match-set>
				<qti-simple-associable-choice identifier="M" match-max="4">A Midsummer-Night's Dream</qti-simple-associable-choice>
				<qti-simple-associable-choice identifier="R" match-max="4">Romeo and Juliet</qti-simple-associable-choice>
				<qti-simple-associable-choice identifier="T" match-max="4">The
				Tempest</qti-simple-associable-choice>
			</qti-simple-match-set>
		</qti-match-interaction>
	</qti-item-body>
	<qti-response-processing template="https://www.imsglobal.org/question/qti_v3p0/rptemplates/map_response.xml"/>
</qti-assessment-item>