<?xml version="1.0" encoding="UTF-8"?>
<qti-assessment-item xmlns="http://www.imsglobal.org/xsd/imsqtiasi_v3p0" xmlns:xsi="http://www.w3.org/2001/XMLSchema-instance" xsi:schemaLocation=" http://www.imsglobal.org/xsd/imsqtiasi_v3p0 https://purl.imsglobal.org/spec/qti/v3p0/schema/xsd/imsqti_asiv3p0_v1p0.xsd " identifier="selectPoint" title="Where is Edinburgh?" adaptive="false" time-dependent="false">
	<qti-response-declaration identifier="RESPONSE" cardinality="single" base-type="point">
		<qti-correct-response>
			<qti-value>102 113</qti-value>
		</qti-correct-response>
		<qti-area-mapping default-value="0">
			<qti-area-map-entry shape="circle" coords="102,113,16" mapped-value="1"/>
		</qti-area-mapping>
	</qti-response-declaration>
	<qti-outcome-declaration identifier="SCORE" cardinality="single" base-type="float"/>
	<qti-item-body>
		<qti-select-point-interaction response-identifier="RESPONSE" max-choices="1">
			<qti-prompt>Mark Edinburgh on this map of the United Kingdom.</qti-prompt>
			<object type="image/png" width="196" height="280" data="images/uk.png">UK Map</object>
		</qti-select-point-interaction>
	</qti-item-body>
	<qti-response-processing template="https://www.imsglobal.org/question/qti_v3p0/rptemplates/map_response_point.xml"/>
</qti-assessment-item>