<?xml version="1.0" encoding="UTF-8"?>
<qti-assessment-item xmlns="http://www.imsglobal.org/xsd/imsqtiasi_v3p0" xmlns:xsi="http://www.w3.org/2001/XMLSchema-instance" xsi:schema-location="http://www.imsglobal.org/xsd/imsqtiasi_v3p0 http://www.imsglobal.org/xsd/qti/qtiv3p0/imsqti_itemv3p0_v1p0.xsd" identifier="qti3-unattended-luggage-05" title="Unattended Luggage QTI3 - stacking / orientation options" adaptive="false" time-dependent="false">
	<qti-response-declaration identifier="RESPONSE1" cardinality="single" base-type="identifier"/>
	<qti-response-declaration identifier="RESPONSE2" cardinality="single" base-type="identifier"/>
	<qti-response-declaration identifier="RESPONSE3" cardinality="single" base-type="identifier"/>
	<qti-response-declaration identifier="RESPONSE4" cardinality="single" base-type="identifier"/>
	<qti-response-declaration identifier="RESPONSE5" cardinality="single" base-type="identifier"/>
	<qti-response-declaration identifier="RESPONSE6" cardinality="single" base-type="identifier"/>
	<qti-response-declaration identifier="RESPONSE7" cardinality="single" base-type="identifier"/>
	<qti-response-declaration identifier="RESPONSE8" cardinality="single" base-type="identifier"/>
	<qti-response-declaration identifier="RESPONSE9" cardinality="single" base-type="identifier"/>
	<qti-response-declaration identifier="RESPONSE10" cardinality="single" base-type="identifier"/>
	<qti-response-declaration identifier="RESPONSE11" cardinality="single" base-type="identifier"/>
	<qti-response-declaration identifier="RESPONSE12" cardinality="single" base-type="identifier"/>
	<qti-outcome-declaration identifier="SCORE" cardinality="single" base-type="float">
		<qti-default-value>
			<qti-value>0</qti-value>
		</qti-default-value>
	</qti-outcome-declaration>
	<qti-item-body>
		<p>Look at the text in the picture.  What does it say?</p>
		<p>
			<img src="images/sign.png" alt="NEVER LEAVE LUGGAGE UNATTENDED"/>
		</p>

		<qti-choice-interaction class="qti-choices-stacking-4" max-choices="1" shuffle="false" response-identifier="RESPONSE1">
			<qti-prompt>Demonstrates <em>qti-choices-stacking-4</em>.</qti-prompt>
			<qti-simple-choice identifier="ChoiceA">You must stay with your luggage at all times.</qti-simple-choice>
			<qti-simple-choice identifier="ChoiceB">Do not let someone else look after your luggage.</qti-simple-choice>
			<qti-simple-choice identifier="ChoiceC">Remember your luggage when you leave.</qti-simple-choice>
			<qti-simple-choice identifier="ChoiceD">It's a good idea to leave your luggage unattended.</qti-simple-choice>
		</qti-choice-interaction>
		
		<qti-choice-interaction class="qti-choices-stacking-3" max-choices="1" shuffle="false" response-identifier="RESPONSE2">
			<qti-prompt>Demonstrates <em>qti-choices-stacking-3</em>.</qti-prompt>
			<qti-simple-choice identifier="ChoiceA">You must stay with your luggage at all times.</qti-simple-choice>
			<qti-simple-choice identifier="ChoiceB">Do not let someone else look after your luggage.</qti-simple-choice>
			<qti-simple-choice identifier="ChoiceC">Remember your luggage when you leave.</qti-simple-choice>
			<qti-simple-choice identifier="ChoiceD">It's a good idea to leave your luggage unattended.</qti-simple-choice>
		</qti-choice-interaction>
		
		<qti-choice-interaction class="qti-choices-stacking-2" max-choices="1" shuffle="false" response-identifier="RESPONSE3">
			<qti-prompt>Demonstrates <em>qti-choices-stacking-2</em>.</qti-prompt>
			<qti-simple-choice identifier="ChoiceA">You must stay with your luggage at all times.</qti-simple-choice>
			<qti-simple-choice identifier="ChoiceB">Do not let someone else look after your luggage.</qti-simple-choice>
			<qti-simple-choice identifier="ChoiceC">Remember your luggage when you leave.</qti-simple-choice>
			<qti-simple-choice identifier="ChoiceD">It's a good idea to leave your luggage unattended.</qti-simple-choice>
		</qti-choice-interaction>
		
		<qti-choice-interaction class="qti-choices-stacking-1" max-choices="1" shuffle="false" response-identifier="RESPONSE4">
			<qti-prompt>Demonstrates <em>qti-choices-stacking-1</em>.</qti-prompt>
			<qti-simple-choice identifier="ChoiceA">You must stay with your luggage at all times.</qti-simple-choice>
			<qti-simple-choice identifier="ChoiceB">Do not let someone else look after your luggage.</qti-simple-choice>
			<qti-simple-choice identifier="ChoiceC">Remember your luggage when you leave.</qti-simple-choice>
			<qti-simple-choice identifier="ChoiceD">It's a good idea to leave your luggage unattended.</qti-simple-choice>
		</qti-choice-interaction>		

		<qti-choice-interaction class="qti-choices-stacking-4 qti-orientation-horizontal" max-choices="1" shuffle="false" response-identifier="RESPONSE5">
			<qti-prompt>Demonstrates <em>qti-choices-stacking-4 and qti-orientation-horizontal</em>.</qti-prompt>
			<qti-simple-choice identifier="ChoiceA">You must stay with your luggage at all times.</qti-simple-choice>
			<qti-simple-choice identifier="ChoiceB">Do not let someone else look after your luggage.</qti-simple-choice>
			<qti-simple-choice identifier="ChoiceC">Remember your luggage when you leave.</qti-simple-choice>
			<qti-simple-choice identifier="ChoiceD">It's a good idea to leave your luggage unattended.</qti-simple-choice>
		</qti-choice-interaction>

		<qti-choice-interaction class="qti-choices-stacking-3 qti-orientation-horizontal" max-choices="1" shuffle="false" response-identifier="RESPONSE6">
			<qti-prompt>Demonstrates <em>qti-choices-stacking-3 and qti-orientation-horizontal</em>.</qti-prompt>
			<qti-simple-choice identifier="ChoiceA">You must stay with your luggage at all times.</qti-simple-choice>
			<qti-simple-choice identifier="ChoiceB">Do not let someone else look after your luggage.</qti-simple-choice>
			<qti-simple-choice identifier="ChoiceC">Remember your luggage when you leave.</qti-simple-choice>
			<qti-simple-choice identifier="ChoiceD">It's a good idea to leave your luggage unattended.</qti-simple-choice>
		</qti-choice-interaction>
		
		<qti-choice-interaction class="qti-choices-stacking-2 qti-orientation-horizontal" max-choices="1" shuffle="false" response-identifier="RESPONSE7">
			<qti-prompt>Demonstrates <em>qti-choices-stacking-2 and qti-orientation-horizontal</em>.</qti-prompt>
			<qti-simple-choice identifier="ChoiceA">You must stay with your luggage at all times.</qti-simple-choice>
			<qti-simple-choice identifier="ChoiceB">Do not let someone else look after your luggage.</qti-simple-choice>
			<qti-simple-choice identifier="ChoiceC">Remember your luggage when you leave.</qti-simple-choice>
			<qti-simple-choice identifier="ChoiceD">It's a good idea to leave your luggage unattended.</qti-simple-choice>
		</qti-choice-interaction>
		
		<qti-choice-interaction class="qti-choices-stacking-1 qti-orientation-horizontal" max-choices="1" shuffle="false" response-identifier="RESPONSE8">
			<qti-prompt>Demonstrates <em>qti-choices-stacking-1 and qti-orientation-horizontal</em>.</qti-prompt>
			<qti-simple-choice identifier="ChoiceA">You must stay with your luggage at all times.</qti-simple-choice>
			<qti-simple-choice identifier="ChoiceB">Do not let someone else look after your luggage.</qti-simple-choice>
			<qti-simple-choice identifier="ChoiceC">Remember your luggage when you leave.</qti-simple-choice>
			<qti-simple-choice identifier="ChoiceD">It's a good idea to leave your luggage unattended.</qti-simple-choice>
		</qti-choice-interaction>

		<qti-choice-interaction class="qti-choices-stacking-4 qti-orientation-vertical" max-choices="1" shuffle="false" response-identifier="RESPONSE9">
			<qti-prompt>Demonstrates <em>qti-choices-stacking-4 and qti-orientation-vertical</em>.</qti-prompt>
			<qti-simple-choice identifier="ChoiceA">You must stay with your luggage at all times.</qti-simple-choice>
			<qti-simple-choice identifier="ChoiceB">Do not let someone else look after your luggage.</qti-simple-choice>
			<qti-simple-choice identifier="ChoiceC">Remember your luggage when you leave.</qti-simple-choice>
			<qti-simple-choice identifier="ChoiceD">It's a good idea to leave your luggage unattended.</qti-simple-choice>
		</qti-choice-interaction>
		
		<qti-choice-interaction class="qti-choices-stacking-3 qti-orientation-vertical" max-choices="1" shuffle="false" response-identifier="RESPONSE10">
			<qti-prompt>Demonstrates <em>qti-choices-stacking-3 and qti-orientation-vertical</em>.</qti-prompt>
			<qti-simple-choice identifier="ChoiceA">You must stay with your luggage at all times.</qti-simple-choice>
			<qti-simple-choice identifier="ChoiceB">Do not let someone else look after your luggage.</qti-simple-choice>
			<qti-simple-choice identifier="ChoiceC">Remember your luggage when you leave.</qti-simple-choice>
			<qti-simple-choice identifier="ChoiceD">It's a good idea to leave your luggage unattended.</qti-simple-choice>
		</qti-choice-interaction>
		
		<qti-choice-interaction class="qti-choices-stacking-2 qti-orientation-vertical" max-choices="1" shuffle="false" response-identifier="RESPONSE11">
			<qti-prompt>Demonstrates <em>qti-choices-stacking-2 and qti-orientation-vertical</em>.</qti-prompt>
			<qti-simple-choice identifier="ChoiceA">You must stay with your luggage at all times.</qti-simple-choice>
			<qti-simple-choice identifier="ChoiceB">Do not let someone else look after your luggage.</qti-simple-choice>
			<qti-simple-choice identifier="ChoiceC">Remember your luggage when you leave.</qti-simple-choice>
			<qti-simple-choice identifier="ChoiceD">It's a good idea to leave your luggage unattended.</qti-simple-choice>
		</qti-choice-interaction>
		
		<qti-choice-interaction class="qti-choices-stacking-1 qti-orientation-vertical" max-choices="1" shuffle="false" response-identifier="RESPONSE12">
			<qti-prompt>Demonstrates <em>qti-choices-stacking-1 and qti-orientation-vertical</em>.</qti-prompt>
			<qti-simple-choice identifier="ChoiceA">You must stay with your luggage at all times.</qti-simple-choice>
			<qti-simple-choice identifier="ChoiceB">Do not let someone else look after your luggage.</qti-simple-choice>
			<qti-simple-choice identifier="ChoiceC">Remember your luggage when you leave.</qti-simple-choice>
			<qti-simple-choice identifier="ChoiceD">It's a good idea to leave your luggage unattended.</qti-simple-choice>
		</qti-choice-interaction>
		
	</qti-item-body>
</qti-assessment-item>