<?xml version="1.0" encoding="UTF-8"?>
<qti-assessment-item xmlns="http://www.imsglobal.org/xsd/imsqtiasi_v3p0" 
  xmlns:xsi="http://www.w3.org/2001/XMLSchema-instance" xsi:schemaLocation="http://www.imsglobal.org/xsd/imsqtiasi_v3p0 https://purl.imsglobal.org/spec/qti/v3p0/schema/xsd/imsqti_asiv3p0_v1p0.xsd"
  identifier="video-tracks" title="Big Buck Bunny" adaptive="false" time-dependent="false">
  <qti-response-declaration identifier="RESPONSE" cardinality="single" base-type="identifier">
    <qti-correct-response>
      <qti-value>C</qti-value>
    </qti-correct-response>
  </qti-response-declaration>
  <qti-outcome-declaration identifier="SCORE" cardinality="single" base-type="float">
    <qti-default-value>
      <qti-value>0</qti-value>
    </qti-default-value>
  </qti-outcome-declaration>
  <qti-item-body>
    <p>
      Below is a Big Buck Bunny video trailer with two different Closed Caption tracks: English and Japanese. 
      Use the video player's controls to turn the caption tracks (the "CC" button) on and off.
    </p>
    <video width="320" height="240" controls="true">
      <source src="images/big_buck_bunny.mp4" type="video/mp4" />
      <source src="images/big_buck_bunny.webm" type="video/webm" />
      <track kind="captions" src="images/texttrack-en.vtt" srclang="en" label="English" default="true"/>
      <track kind="captions" src="images/texttrack-jpn.vtt" srclang="ja" label="Japanese"/>
    </video>
    <p>
      This trailer, and the Big Buck Bunny project, is (c) copyright 2008, Blender Foundation / www.bigbuckbunny.org
    </p>      
    <qti-choice-interaction max-choices="1" response-identifier="RESPONSE">
      <qti-prompt><p>How many Caption Tracks are included in the video presentation above?</p></qti-prompt>
      <qti-simple-choice identifier="A">0</qti-simple-choice>
      <qti-simple-choice identifier="B">1</qti-simple-choice>
      <qti-simple-choice identifier="C">2</qti-simple-choice>
      <qti-simple-choice identifier="D">3</qti-simple-choice>
    </qti-choice-interaction>
  </qti-item-body>
  <qti-response-processing template="https://www.imsglobal.org/question/qti_v3p0/rptemplates/match_correct.xml"/>
</qti-assessment-item>