<?xml version="1.0" encoding="UTF-8"?>
<qti-assessment-item xmlns="http://www.imsglobal.org/xsd/imsqtiasi_v3p0" xmlns:xsi="http://www.w3.org/2001/XMLSchema-instance" xsi:schemaLocation=" http://www.imsglobal.org/xsd/imsqtiasi_v3p0 https://purl.imsglobal.org/spec/qti/v3p0/schema/xsd/imsqti_asiv3p0_v1p0.xsd" 
                     identifier="choice_aria" title="Surveyors" adaptive="false" time-dependent="false">
  <qti-response-declaration identifier="RESPONSE" cardinality="single" base-type="identifier">
    <qti-correct-response>
      <qti-value>ChoiceA</qti-value>
    </qti-correct-response>
  </qti-response-declaration>
  <qti-outcome-declaration identifier="SCORE" cardinality="single" base-type="float">
    <qti-default-value>
      <qti-value>0</qti-value>
    </qti-default-value>
  </qti-outcome-declaration>
  <qti-item-body>
    <p>Examine the following survey map.</p>
    <p>
      <img src="images/survey.jpg" alt="Survey map with angles" aria-describedby="imgdesc1"/>
    </p>
    <div id="imgdesc1">Two surveyors, A and P, stand some distance apart on the south bank of a river, looking at a tree, T, that is on the north bank of the river. Points A, P, and T form a triangle. At points A and P, there are two parallel sight lines pointing north and forming angles outside of the triangle. At point P, angle <span aria-label="T P A">TPA</span> is 53 degrees. The adjacent angle between PT and the northern sight line is 37 degrees. At point A, angle TAP is not labeled, and the adjacent angle formed between AT and that northern sight line is 32 degrees.</div>
    <div role="note">
      <table role="presentation">
        <tbody>
          <tr>
            <td>The angles of a triangle add up to 180 degrees. <span role="math">a+b+c=180</span></td>
            <td>Knowing any two angles, you can calculate the missing angle.</td>
          </tr>
        </tbody>
      </table>
    </div>
    <qti-choice-interaction response-identifier="RESPONSE" shuffle="true" max-choices="1">
      <qti-prompt>What is the value of angle <span aria-label="T A P">TAP</span> in degrees?</qti-prompt>
      <qti-simple-choice identifier="ChoiceA">90</qti-simple-choice>
      <qti-simple-choice identifier="ChoiceB">37</qti-simple-choice>
      <qti-simple-choice identifier="ChoiceC">58</qti-simple-choice>
      <qti-simple-choice identifier="ChoiceD" fixed="true">None of the above.</qti-simple-choice>
    </qti-choice-interaction>
  </qti-item-body>
  <qti-response-processing template="https://www.imsglobal.org/question/qti_v3p0/rptemplates/match_correct.xml"/>
</qti-assessment-item>