<?xml version="1.0" encoding="UTF-8"?>
<qti-assessment-item xmlns="http://www.imsglobal.org/xsd/imsqtiasi_v3p0" xmlns:xsi="http://www.w3.org/2001/XMLSchema-instance" xsi:schemaLocation=" http://www.imsglobal.org/xsd/imsqtiasi_v3p0 https://purl.imsglobal.org/spec/qti/v3p0/schema/xsd/imsqti_asiv3p0_v1p0.xsd " identifier="drawing" title="La casa di Giovanni" adaptive="false" time-dependent="false">
	<qti-response-declaration identifier="RESPONSE" cardinality="single" base-type="file"/>
	<qti-outcome-declaration identifier="SCORE" cardinality="single" base-type="float"/>
	<qti-item-body>
		<p>Read the following description of Giovanni's house and then colour the picture
			accordingly.</p>
		<qti-drawing-interaction response-identifier="RESPONSE">
			<qti-prompt>Il tetto &#232; rosso e i muri sono gialli.</qti-prompt>
			<object type="image/png" data="images/house.png" width="144" height="260"/>
		</qti-drawing-interaction>
	</qti-item-body>
</qti-assessment-item>