<?xml version="1.0" encoding="UTF-8"?>
<qti-assessment-item xmlns="http://www.imsglobal.org/xsd/imsqtiasi_v3p0" 
                     xmlns:m="http://www.w3.org/1998/Math/MathML" 
                     xmlns:xi="http://www.w3.org/2001/XInclude" 
                     xmlns:xsi="http://www.w3.org/2001/XMLSchema-instance" 
                     xsi:schemaLocation="http://www.imsglobal.org/xsd/imsqtiasi_v3p0 https://purl.imsglobal.org/spec/qti/v3p0/schema/xsd/imsqti_asiv3p0_v1p0.xsd http://www.w3.org/1998/Math/MathML https://purl.imsglobal.org/spec/mathml/v2p0/schema/xsd/mathml2.xsd http://www.w3.org/2001/XInclude https://purl.imsglobal.org/spec/w3/2001/schema/xsd/XInclude.xsd"
                     adaptive="true" identifier="Example03-feedbackBlock-solution" time-dependent="false" title="Example 3 - Using feedbackBlock to show a solution" tool-name="Mathqurate" tool-version="0.9.7b" >
    <qti-response-declaration base-type="float" cardinality="single" identifier="RESPONSE">
        <qti-correct-response>
            <qti-value>7.389</qti-value>
        </qti-correct-response>
    </qti-response-declaration>
    
    <!--￼This response variable is set to true if the solution button is clicked.-->
    
    <qti-response-declaration base-type="boolean" cardinality="single" identifier="SOLREQUEST"/>
    <qti-outcome-declaration base-type="identifier" cardinality="multiple" identifier="FEEDBACK"/>
    <qti-outcome-declaration base-type="identifier" cardinality="single" identifier="EMPTY"/>
    <qti-outcome-declaration base-type="float" cardinality="single" identifier="SCORE" normal-maximum="10.0" normal-minimum="0.0">
        <qti-default-value>
            <qti-value>0.0</qti-value>
        </qti-default-value>
    </qti-outcome-declaration>
    
    <!--This outcome variable is set to true if the solution has been viewed.-->
    
    <qti-outcome-declaration base-type="boolean" cardinality="single" identifier="seenSolution">
        <qti-default-value>
            <qti-value>false</qti-value>
        </qti-default-value>
    </qti-outcome-declaration>
    
    <!--This outcome variable controls the display of the solution button.-->
    
    <qti-outcome-declaration base-type="identifier" cardinality="single" identifier="ASKSOLUTION">
        <qti-default-value>
            <qti-value>asksolution</qti-value>
        </qti-default-value>
    </qti-outcome-declaration>
    <qti-item-body class="">
        <div class="">
            <p class="">Find the value of <m:math id="mathML0">
                    <m:semantics>
                        <m:mrow>
                            <m:msup>
                                <m:mi>e</m:mi>
                                <m:mn>2</m:mn>
                            </m:msup>
                        </m:mrow>
                        <m:annotation encoding="LaTeX">\[\e^2\]</m:annotation>
                    </m:semantics>
                </m:math> to 3 decimal places.</p>
            <div class="">
                <table class="">
                    <tbody class="">
                        <tr class="">
                            <td class="">
                                <qti-text-entry-interaction expected-length="20" id="textEntryInteraction0" label="mathInput" response-identifier="RESPONSE"/>
                            </td>
                            <td class="">
                                <qti-feedback-inline id="feedbackInline0" identifier="CORRECT" outcome-identifier="FEEDBACK" show-hide="show">Correct </qti-feedback-inline>
                                <qti-feedback-inline id="feedbackInline1" identifier="INCORRECT" outcome-identifier="FEEDBACK" show-hide="show">No, that is not the correct answer</qti-feedback-inline>
                            </td>
                        </tr>
                    </tbody>
                </table>
            </div>
            
            <!-- this feedbackBlock contains the solution -->
            
            <qti-feedback-block identifier="SOLUTION" outcome-identifier="FEEDBACK" show-hide="show">
                <qti-content-body>
                    <div class="">
                        <m:math display="block" id="mathML1">
                            <m:semantics>
                                <m:mtable>
                                    <m:mtr>
                                        <m:mtd columnalign="right">
                                            <m:msup>
                                                <m:mi>e</m:mi>
                                                <m:mn>2</m:mn>
                                            </m:msup>
                                        </m:mtd>
                                        <m:mtd columnalign="center">
                                            <m:mo>=</m:mo>
                                        </m:mtd>
                                        <m:mtd columnalign="left">
                                            <m:mi>exp</m:mi>
                                            <m:mfenced close=")" open="(">
                                                <m:mn>2</m:mn>
                                            </m:mfenced>
                                        </m:mtd>
                                    </m:mtr>
                                    <m:mtr>
                                        <m:mtd columnalign="right"/>
                                        <m:mtd columnalign="center">
                                            <m:mo>=</m:mo>
                                        </m:mtd>
                                        <m:mtd columnalign="left">
                                            <m:mn>7.389</m:mn>
                                        </m:mtd>
                                    </m:mtr>
                                </m:mtable>
                                <m:annotation encoding="SnuggleTeX">\begin{eqnarray*}e^2 &amp;=&amp;
                                    \exp(2)\\ &amp;=&amp; 7.389\end{eqnarray*}</m:annotation>
                            </m:semantics>
                        </m:math>
                    </div>
                </qti-content-body>
            </qti-feedback-block>

            <!-- Explain why the score is zero (after viewing solution) -->

            <qti-feedback-block identifier="SEEN-SOLUTION" outcome-identifier="FEEDBACK" show-hide="show">
                <qti-content-body>
                    <p> Since you have viewed the solution, your score for this question will be 0. </p>
                </qti-content-body>
            </qti-feedback-block>

            <!-- show the solution button -->

            <qti-feedback-block identifier="asksolution" outcome-identifier="ASKSOLUTION" show-hide="show">
                <qti-content-body>
                    <p>
                        <qti-end-attempt-interaction response-identifier="SOLREQUEST" title="Show Solution"/>
                    </p>
                </qti-content-body>
            </qti-feedback-block>
        </div>
    </qti-item-body>
    <qti-response-processing>
        <qti-set-outcome-value identifier="FEEDBACK">
            <qti-multiple>
                <qti-variable identifier="EMPTY"/>
            </qti-multiple>
        </qti-set-outcome-value>
        <qti-response-condition>
            <qti-response-if>
                <qti-variable identifier="SOLREQUEST"/>
                
                <!--￼In response processing, the outcome variable FEEDBACK is set to the identifier 
                (SOLUTION) of the solution feedbackBlock, so that the solution appears.-->
                
                <qti-set-outcome-value identifier="FEEDBACK">
                    <qti-multiple>                        
                        <qti-base-value base-type="identifier">SOLUTION</qti-base-value>
                    </qti-multiple>
                </qti-set-outcome-value>
                
                <!--￼The seenSolution flag is set to true so that the message about the score will 
                appear if an answer is submitted.-->                
                
                <qti-set-outcome-value identifier="seenSolution">
                    <qti-base-value base-type="boolean">true</qti-base-value>
                </qti-set-outcome-value>
                
                <!--￼The built-in outcome variable completionStatus is set to completed – this must 
                happen at some stage in any adaptive question otherwise the question is never 
                complete, which is a problem in tests.-->
                
                <qti-set-outcome-value identifier="completionStatus">
                    <qti-base-value base-type="identifier">completed</qti-base-value>
                </qti-set-outcome-value>
                
                <!--￼The solution button is removed by setting the ASKSOLUTION outcome variable to null-->                                        
                
                <qti-set-outcome-value identifier="ASKSOLUTION">
                    <qti-base-value base-type="identifier">null</qti-base-value>
                </qti-set-outcome-value>
            </qti-response-if>
            <qti-response-else>
                <qti-response-condition>
                    <qti-response-if>
                        <qti-is-null>
                            <qti-variable identifier="RESPONSE"/>
                        </qti-is-null>
                        <qti-set-outcome-value identifier="SCORE">
                            <qti-base-value base-type="float">0</qti-base-value>
                        </qti-set-outcome-value>
                    </qti-response-if>
                    <qti-response-else>
                        <qti-response-condition>
                            <qti-response-if>
                                <qti-equal-rounded figures="3" rounding-mode="decimalPlaces">
                                    <qti-variable identifier="RESPONSE"/>
                                    <qti-correct identifier="RESPONSE"/>
                                </qti-equal-rounded>
                                <qti-set-outcome-value identifier="FEEDBACK">
                                    <qti-multiple>
                                        <qti-base-value base-type="identifier">CORRECT</qti-base-value>
                                    </qti-multiple>
                                </qti-set-outcome-value>
                                <qti-set-outcome-value identifier="SCORE">
                                    <qti-base-value base-type="float">2</qti-base-value>
                                </qti-set-outcome-value>
                            </qti-response-if>
                            <qti-response-else>
                                <qti-set-outcome-value identifier="FEEDBACK">
                                    <qti-multiple>
                                        <qti-base-value base-type="identifier">INCORRECT</qti-base-value>
                                    </qti-multiple>
                                </qti-set-outcome-value>
                                <qti-set-outcome-value identifier="SCORE">
                                    <qti-base-value base-type="float">0</qti-base-value>
                                </qti-set-outcome-value>
                            </qti-response-else>
                        </qti-response-condition>
                        
                        <!--￼When an answer has been submitted, once again the built-in outcome variable completionStatus 
                        is set to completed and the solution button is removed.-->                        
                        
                        <qti-set-outcome-value identifier="completionStatus">
                            <qti-base-value base-type="identifier">completed</qti-base-value>
                        </qti-set-outcome-value>
                        <qti-set-outcome-value identifier="ASKSOLUTION">
                            <qti-base-value base-type="identifier">null</qti-base-value>
                        </qti-set-outcome-value>
                        <qti-response-condition>
                            <qti-response-if>
                                
                                <!--￼When an answer has been submitted, if the solution has been displayed, the message 
                                about the score is added to the FEEDBACK, and SCORE is set to 0.0.-->                                
                                
                                <qti-variable identifier="seenSolution"/>
                                <qti-set-outcome-value identifier="FEEDBACK">
                                    <qti-multiple>
                                        <qti-variable identifier="FEEDBACK"/>
                                        <qti-base-value base-type="identifier">SEEN-SOLUTION</qti-base-value>
                                    </qti-multiple>
                                </qti-set-outcome-value>
                                <qti-set-outcome-value identifier="SCORE">
                                    <qti-base-value base-type="float">0.0</qti-base-value>
                                </qti-set-outcome-value>
                            </qti-response-if>
                        </qti-response-condition>
                    </qti-response-else>
                </qti-response-condition>
            </qti-response-else>
        </qti-response-condition>
    </qti-response-processing>
</qti-assessment-item>