<?xml version="1.0" encoding="UTF-8"?>
<qti-assessment-item 
    xmlns="http://www.imsglobal.org/xsd/imsqtiasi_v3p0" 
    xmlns:m="http://www.w3.org/1998/Math/MathML" 
    xmlns:xi="http://www.w3.org/2001/XInclude" 
    xmlns:xsi="http://www.w3.org/2001/XMLSchema-instance" 
    xsi:schemaLocation="http://www.imsglobal.org/xsd/imsqtiasi_v3p0 https://purl.imsglobal.org/spec/qti/v3p0/schema/xsd/imsqti_asiv3p0_v1p0.xsd http://www.w3.org/1998/Math/MathML https://purl.imsglobal.org/spec/mathml/v2p0/schema/xsd/mathml2.xsd http://www.w3.org/2001/XInclude https://purl.imsglobal.org/spec/w3/2001/schema/xsd/XInclude.xsd"
    adaptive="true" identifier="Example03-feedbackBlock-solution" time-dependent="false" 
    title="Example 3 - Using feedbackBlock to show a solution (random)" tool-name="Mathqurate" tool-version="0.9.7b" >
    <qti-response-declaration base-type="float" cardinality="single" identifier="RESPONSE"/>
    <qti-response-declaration base-type="boolean" cardinality="single" identifier="SOLREQUEST"/>
    <qti-outcome-declaration base-type="identifier" cardinality="multiple" identifier="FEEDBACK"/>
    <qti-outcome-declaration base-type="identifier" cardinality="single" identifier="EMPTY"/>
    <qti-outcome-declaration base-type="float" cardinality="single" identifier="SCORE" normal-maximum="10.0" normal-minimum="0.0">
        <qti-default-value>
            <qti-value>0.0</qti-value>
        </qti-default-value>
    </qti-outcome-declaration>
    <qti-outcome-declaration base-type="boolean" cardinality="single" identifier="seenSolution">
        <qti-default-value>
            <qti-value>false</qti-value>
        </qti-default-value>
    </qti-outcome-declaration>
    <qti-outcome-declaration base-type="identifier" cardinality="single" identifier="ASKSOLUTION">
        <qti-default-value>
            <qti-value>asksolution</qti-value>
        </qti-default-value>
    </qti-outcome-declaration>
    <qti-template-declaration base-type="integer" cardinality="single" identifier="iA" math-variable="true" param-variable="false"/>
    <qti-template-declaration base-type="float" cardinality="single" identifier="fAns" math-variable="true" param-variable="false"/>
    <qti-template-declaration base-type="float" cardinality="single" identifier="fR" math-variable="true" param-variable="false"/>
    <qti-template-processing>
        <qti-set-template-value identifier="iA">
            <qti-random-integer max="4" min="1"/>
        </qti-set-template-value>
        <qti-set-template-value identifier="fAns">
            <qti-math-operator name="exp">
                <qti-variable identifier="iA"/>
            </qti-math-operator>
        </qti-set-template-value>
        <qti-set-template-value identifier="fR">
            <qti-round-to figures="3" rounding-mode="decimalPlaces">
                <qti-variable identifier="fAns"/>
            </qti-round-to>
        </qti-set-template-value>
    </qti-template-processing>
    <qti-item-body class="">
        <div class="">
            <p class="">Find the value of <m:math id="mathML0">
                    <m:semantics>
                        <m:mrow>
                            <m:msup>
                                <m:mn>e</m:mn>
                                <m:mi>iA</m:mi>
                            </m:msup>
                        </m:mrow>
                        <m:annotation encoding="LaTeX">\[\e^\qv{iA}\]</m:annotation>
                    </m:semantics>
                </m:math> to 3 decimal places.</p>
            <div class="">
                <table class="">
                    <tbody class="">
                        <tr class="">
                            <td class="">
                                <qti-text-entry-interaction expected-length="20" id="textEntryInteraction0" label="mathInput" response-identifier="RESPONSE"/>
                            </td>
                            <td class="">
                                <qti-feedback-inline id="feedbackInline0" identifier="CORRECT" outcome-identifier="FEEDBACK" show-hide="show"> Correct </qti-feedback-inline>
                                <qti-feedback-inline id="feedbackInline1" identifier="INCORRECT" outcome-identifier="FEEDBACK" show-hide="show"> No, that is not
                                    the correct answer</qti-feedback-inline>
                            </td>
                        </tr>
                    </tbody>
                </table>
            </div>
            <!-- this feedbackBlock contains the solution -->
            <qti-feedback-block class="" id="feedbackBlock2" identifier="SOLUTION" outcome-identifier="FEEDBACK" show-hide="show"><qti-content-body>
                <div class="">
                    <m:math display="block" id="mathML1">
                        <m:semantics>
                            <m:mtable>
                                <m:mtr>
                                    <m:mtd columnalign="right">
                                        <m:msup>
                                            <m:mi>e</m:mi>
                                            <m:mi>iA</m:mi>
                                        </m:msup>
                                    </m:mtd>
                                    <m:mtd columnalign="center">
                                        <m:mo>=</m:mo>
                                    </m:mtd>
                                    <m:mtd columnalign="left">
                                        <m:mi>exp</m:mi>
                                        <m:mfenced close=")" open="(">
                                            <m:mi>iA</m:mi>
                                        </m:mfenced>
                                    </m:mtd>
                                </m:mtr>
                                <m:mtr>
                                    <m:mtd columnalign="right"/>
                                    <m:mtd columnalign="center">
                                        <m:mo>=</m:mo>
                                    </m:mtd>
                                    <m:mtd columnalign="left">
                                        <m:mi>fR</m:mi>
                                    </m:mtd>
                                </m:mtr>
                            </m:mtable>
                            <m:annotation encoding="SnuggleTeX">\begin{eqnarray*}e^\qv{iA}
                                &amp;=&amp; \exp(\qv{iA})\\ &amp;=&amp;
                                \qv{fR}\end{eqnarray*}</m:annotation>
                        </m:semantics>
                    </m:math>
                </div>
            
</qti-content-body></qti-feedback-block>
            <!-- Explain why the score is zero (after viewing solution) -->
            <qti-feedback-block id="feedbackBlock4" identifier="SEEN-SOLUTION" outcome-identifier="FEEDBACK" show-hide="show"><qti-content-body>
                <p> Since you have viewed the solution, your score for this question will be 0. </p>
            
</qti-content-body></qti-feedback-block>
            <!-- show the solution button -->
            <qti-feedback-block id="feedbackBlock7" identifier="asksolution" outcome-identifier="ASKSOLUTION" show-hide="show"><qti-content-body>
                <p>
                    <qti-end-attempt-interaction id="endAttemptInteraction2" response-identifier="SOLREQUEST" title="Show Solution"/>
                </p>
            
</qti-content-body></qti-feedback-block>
        </div>
    </qti-item-body>
    <qti-response-processing>
        <qti-set-outcome-value identifier="FEEDBACK">
            <qti-multiple>
                <qti-variable identifier="EMPTY"/>
            </qti-multiple>
        </qti-set-outcome-value>
        <qti-response-condition>
            <qti-response-if>
                <qti-variable identifier="SOLREQUEST"/>
                <qti-set-outcome-value identifier="FEEDBACK">
                    <qti-multiple>
                        <qti-base-value base-type="identifier">SOLUTION</qti-base-value>
                    </qti-multiple>
                </qti-set-outcome-value>
                <qti-set-outcome-value identifier="seenSolution">
                    <qti-base-value base-type="boolean">true</qti-base-value>
                </qti-set-outcome-value>
                <qti-set-outcome-value identifier="completionStatus">
                    <qti-base-value base-type="identifier">completed</qti-base-value>
                </qti-set-outcome-value>
                <qti-set-outcome-value identifier="ASKSOLUTION">
                    <qti-base-value base-type="identifier">null</qti-base-value>
                </qti-set-outcome-value>
            </qti-response-if>
            <qti-response-else>
                <qti-response-condition>
                    <qti-response-if>
                        <qti-is-null>
                            <qti-variable identifier="RESPONSE"/>
                        </qti-is-null>
                        <qti-set-outcome-value identifier="SCORE">
                            <qti-base-value base-type="float">0</qti-base-value>
                        </qti-set-outcome-value>
                    </qti-response-if>
                    <qti-response-else>
                        <qti-response-condition>
                            <qti-response-if>
                                <qti-equal-rounded figures="3" rounding-mode="decimalPlaces">
                                    <qti-variable identifier="RESPONSE"/>
                                    <qti-variable identifier="fAns"/>
                                </qti-equal-rounded>
                                <qti-set-outcome-value identifier="FEEDBACK">
                                    <qti-multiple>
                                        <qti-base-value base-type="identifier">CORRECT</qti-base-value>
                                    </qti-multiple>
                                </qti-set-outcome-value>
                                <qti-set-outcome-value identifier="SCORE">
                                    <qti-base-value base-type="float">2</qti-base-value>
                                </qti-set-outcome-value>
                            </qti-response-if>
                            <qti-response-else>
                                <qti-set-outcome-value identifier="FEEDBACK">
                                    <qti-multiple>
                                        <qti-base-value base-type="identifier">INCORRECT</qti-base-value>
                                    </qti-multiple>
                                </qti-set-outcome-value>
                                <qti-set-outcome-value identifier="SCORE">
                                    <qti-base-value base-type="float">0</qti-base-value>
                                </qti-set-outcome-value>
                            </qti-response-else>
                        </qti-response-condition>
                        <qti-set-outcome-value identifier="completionStatus">
                            <qti-base-value base-type="identifier">completed</qti-base-value>
                        </qti-set-outcome-value>
                        <qti-set-outcome-value identifier="ASKSOLUTION">
                            <qti-base-value base-type="identifier">null</qti-base-value>
                        </qti-set-outcome-value>
                        <qti-response-condition>
                            <qti-response-if>
                                <qti-variable identifier="seenSolution"/>
                                <qti-set-outcome-value identifier="FEEDBACK">
                                    <qti-multiple>
                                        <qti-variable identifier="FEEDBACK"/>
                                        <qti-base-value base-type="identifier">SEEN-SOLUTION</qti-base-value>
                                    </qti-multiple>
                                </qti-set-outcome-value>
                                <qti-set-outcome-value identifier="SCORE">
                                    <qti-base-value base-type="float">0.0</qti-base-value>
                                </qti-set-outcome-value>
                            </qti-response-if>
                        </qti-response-condition>
                    </qti-response-else>
                </qti-response-condition>
            </qti-response-else>
        </qti-response-condition>
    </qti-response-processing>
</qti-assessment-item>