<?xml version="1.0" encoding="UTF-8"?>
<qti-assessment-item xmlns="http://www.imsglobal.org/xsd/imsqtiasi_v3p0" xmlns:xsi="http://www.w3.org/2001/XMLSchema-instance" 
                     xsi:schemaLocation="http://www.imsglobal.org/xsd/imsqtiasi_v3p0 https://purl.imsglobal.org/spec/qti/v3p0/schema/xsd/imsqti_asiv3p0_v1p0.xsd" 
                     identifier="graphicGapfill" title="Airport Tags" adaptive="false" time-dependent="false">
	<qti-response-declaration identifier="RESPONSE" cardinality="multiple" base-type="directedPair">
		<qti-correct-response>
			<qti-value>GLA A</qti-value>
			<qti-value>EDI B</qti-value>
			<qti-value>MAN C</qti-value>
		</qti-correct-response>
		<qti-mapping lower-bound="0" default-value="-1">
			<qti-map-entry map-key="GLA A" mapped-value="1"/>
			<qti-map-entry map-key="EDI B" mapped-value="1"/>
			<qti-map-entry map-key="MAN C" mapped-value="1"/>
		</qti-mapping>
	</qti-response-declaration>
	<qti-outcome-declaration identifier="SCORE" cardinality="single" base-type="float"/>
	<qti-item-body>
		<p>The International Air Transport Association assigns three-letter codes to identify
			airports worldwide. For example, London Heathrow has code LHR.</p>
		<qti-graphic-gap-match-interaction response-identifier="RESPONSE">
			<qti-prompt>Some of the labels on the following diagram are missing: can you identify the
				correct three-letter codes for the unlabelled airports?</qti-prompt>
			<object type="image/png" data="images/ukairtags.png" width="206" height="280"/>
			<qti-gap-img identifier="CBG" match-max="1">
				<object type="image/png" data="images/CBG.png" width="20" height="9"/>
			</qti-gap-img>
			<qti-gap-img identifier="EBG" match-max="1">
				<object type="image/png" data="images/EBG.png" width="18" height="9"/>
			</qti-gap-img>
			<qti-gap-img identifier="EDI" match-max="1">
				<object type="image/png" data="images/EDI.png" width="14" height="9"/>
			</qti-gap-img>
			<qti-gap-img identifier="GLA" match-max="1">
				<object type="image/png" data="images/GLA.png" width="17" height="9"/>
			</qti-gap-img>
			<qti-gap-img identifier="MAN" match-max="1">
				<object type="image/png" data="images/MAN.png" width="21" height="9"/>
			</qti-gap-img>
			<qti-gap-img identifier="MCH" match-max="1">
				<object type="image/png" data="images/MCH.png" width="22" height="9"/>
			</qti-gap-img>
			<qti-associable-hotspot identifier="A" match-max="1" shape="rect" coords="12,108,39,121"/>
			<qti-associable-hotspot identifier="B" match-max="1" shape="rect" coords="128,103,155,126"/>
			<qti-associable-hotspot identifier="C" match-max="1" shape="rect" coords="66,165,93,178"/>
			<!--
            <associableHotspot identifier="D" matchMax="1" shape="rect" coords="121,209,148,222"/>
            -->
		</qti-graphic-gap-match-interaction>
	</qti-item-body>
	<qti-response-processing template="https://www.imsglobal.org/question/qti_v3p0/rptemplates/map_response.xml"/>
</qti-assessment-item>