<?xml version="1.0" encoding="UTF-8"?>
<!-- Thie example adapted from the PET Handbook, copyright University of Cambridge ESOL Examinations -->
<qti-assessment-item 
    xmlns="http://www.imsglobal.org/xsd/imsqtiasi_v3p0" 
    xmlns:xsi="http://www.w3.org/2001/XMLSchema-instance" 
    xsi:schemaLocation="http://www.imsglobal.org/xsd/imsqtiasi_v3p0 https://purl.imsglobal.org/spec/qti/v3p0/schema/xsd/imsqti_asiv3p0_v1p0.xsd  http://www.w3.org/1998/Math/MathML https://purl.imsglobal.org/spec/mathml/v2p0/schema/xsd/mathml2.xsd" 
    xmlns:m="http://www.w3.org/1998/Math/MathML" 
    identifier="math" title="Relativity" adaptive="false" time-dependent="false">
	<qti-response-declaration identifier="RESPONSE" cardinality="single" base-type="identifier">
		<qti-correct-response>
			<qti-value>E</qti-value>
		</qti-correct-response>
	</qti-response-declaration>
	<qti-outcome-declaration identifier="SCORE" cardinality="single" base-type="float"/>
	<qti-item-body>
		<qti-choice-interaction response-identifier="RESPONSE" shuffle="true" max-choices="1">
			<qti-prompt>Which famous scientist is popularly associated with the equation <m:math>
					<m:mrow>
						<m:mi>E</m:mi>
						<m:mo>=</m:mo>
						<m:mi>m</m:mi>
						<m:msup>
							<m:mi>c</m:mi>
							<m:mn>2</m:mn>
						</m:msup>
					</m:mrow>
				</m:math> ?</qti-prompt>
			<qti-simple-choice identifier="E">Einstein</qti-simple-choice>
			<qti-simple-choice identifier="G">Gallileo</qti-simple-choice>
			<qti-simple-choice identifier="H">Hawking</qti-simple-choice>
			<qti-simple-choice identifier="N">Newton</qti-simple-choice>
		</qti-choice-interaction>
	</qti-item-body>
	<qti-response-processing template="https://www.imsglobal.org/question/qti_v3p0/rptemplates/match_correct.xml"/>
</qti-assessment-item>