<?xml version="1.0" encoding="UTF-8"?>
<qti-assessment-item xmlns="http://www.imsglobal.org/xsd/imsqtiasi_v3p0" xmlns:xsi="http://www.w3.org/2001/XMLSchema-instance" 
                     xsi:schemaLocation="http://www.imsglobal.org/xsd/imsqtiasi_v3p0 https://purl.imsglobal.org/spec/qti/v3p0/schema/xsd/imsqti_asiv3p0_v1p0.xsd" 
                     identifier="order" title="Grand Prix of Bahrain" adaptive="false" time-dependent="false">
	<qti-response-declaration identifier="RESPONSE" cardinality="ordered" base-type="identifier">
		<qti-correct-response>
			<qti-value>DriverC</qti-value>
			<qti-value>DriverA</qti-value>
			<qti-value>DriverB</qti-value>
		</qti-correct-response>
	</qti-response-declaration>
	<qti-outcome-declaration identifier="SCORE" cardinality="single" base-type="float"/>
	<qti-item-body>
		<qti-order-interaction response-identifier="RESPONSE" shuffle="true">
			<qti-prompt>The following F1 drivers finished on the podium in the first ever Grand Prix of
				Bahrain. Can you rearrange them into the correct finishing order?</qti-prompt>
			<qti-simple-choice identifier="DriverA">Rubens Barrichello</qti-simple-choice>
			<qti-simple-choice identifier="DriverB">Jenson Button</qti-simple-choice>
			<qti-simple-choice identifier="DriverC" fixed="true">Michael Schumacher</qti-simple-choice>
		</qti-order-interaction>
	</qti-item-body>
	<qti-response-processing template="https://www.imsglobal.org/question/qti_v3p0/rptemplates/match_correct.xml"/>
</qti-assessment-item>