<?xml version="1.0" encoding="UTF-8"?>
<!-- This example has been adapted from the PET Handbook, copyright University of Cambridge ESOL Examinations -->
<qti-assessment-item xmlns="http://www.imsglobal.org/xsd/imsqtiasi_v3p0" xmlns:xsi="http://www.w3.org/2001/XMLSchema-instance" xsi:schemaLocation=" http://www.imsglobal.org/xsd/imsqtiasi_v3p0 https://purl.imsglobal.org/spec/qti/v3p0/schema/xsd/imsqti_asiv3p0_v1p0.xsd " identifier="orkney1" title="Orkney 1" adaptive="false" time-dependent="false">
	<qti-response-declaration identifier="RESPONSE" cardinality="single" base-type="identifier">
		<qti-correct-response>
			<qti-value>T</qti-value>
		</qti-correct-response>
	</qti-response-declaration>
	<qti-outcome-declaration identifier="SCORE" cardinality="single" base-type="float">
		<qti-default-value>
			<qti-value>0</qti-value>
		</qti-default-value>
	</qti-outcome-declaration>
	<qti-stylesheet href="shared/orkney.css" type="text/css"/>
	<qti-item-body>
		<div class="rightpane">
			<object data="shared/orkney.html" type="text/html"/>
		</div>
		<div class="leftpane">
			<p>Read the text about the Orkney Islands and then decide if the following sentence is
				correct or incorrect.</p>
			<qti-choice-interaction response-identifier="RESPONSE" shuffle="false" max-choices="1">
				<qti-prompt>Some of the islands are home to animals rather than people.</qti-prompt>
				<qti-simple-choice identifier="T">Correct</qti-simple-choice>
				<qti-simple-choice identifier="F">Incorrect</qti-simple-choice>
			</qti-choice-interaction>
		</div>
	</qti-item-body>
	<qti-response-processing template="https://www.imsglobal.org/question/qti_v3p0/rptemplates/match_correct.xml"/>
</qti-assessment-item>