<?xml version="1.0" encoding="UTF-8"?>
<!-- Thie example adapted from the PET Handbook, copyright University of Cambridge ESOL Examinations -->
<qti-assessment-item xmlns:xsi="http://www.w3.org/2001/XMLSchema-instance" xsi:schemaLocation="http://www.imsglobal.org/xsd/imsqtiasi_v3p0 https://purl.imsglobal.org/spec/qti/v3p0/schema/xsd/imsqti_asiv3p0_v1p0.xsd" 
                     xmlns="http://www.imsglobal.org/xsd/imsqtiasi_v3p0" 
                     identifier="SVG" title="Coulours" adaptive="false" time-dependent="false">
	<qti-response-declaration identifier="RESPONSE" cardinality="single" base-type="identifier">
		<qti-correct-response>
			<qti-value>E</qti-value>
		</qti-correct-response>
	</qti-response-declaration>
	<qti-outcome-declaration identifier="SCORE" cardinality="single" base-type="float"/>
	<qti-item-body>
		<qti-choice-interaction response-identifier="RESPONSE" shuffle="true" max-choices="1">
			<qti-prompt>What colour is the rectangle below
				<object data="images/rectangle.svg" type="image/svg+xml" width="250" height="250"/> ?</qti-prompt>
			<qti-simple-choice identifier="E">Red</qti-simple-choice>
			<qti-simple-choice identifier="G">Blue</qti-simple-choice>
			<qti-simple-choice identifier="H">Green</qti-simple-choice>
			<qti-simple-choice identifier="N">Magenta</qti-simple-choice>
		</qti-choice-interaction>
	</qti-item-body>
	<qti-response-processing template="https://www.imsglobal.org/question/qti_v3p0/rptemplates/match_correct.xml"/>
</qti-assessment-item>