<?xml version="1.0" encoding="UTF-8"?>
<qti-assessment-item xmlns="http://www.imsglobal.org/xsd/imsqtiasi_v3p0" xmlns:xsi="http://www.w3.org/2001/XMLSchema-instance" xsi:schemaLocation=" http://www.imsglobal.org/xsd/imsqtiasi_v3p0 https://purl.imsglobal.org/spec/qti/v3p0/schema/xsd/imsqti_asiv3p0_v1p0.xsd " identifier="upload" title="Chocolate Factory" adaptive="false" time-dependent="false">
    <qti-response-declaration identifier="RESPONSE" cardinality="single" base-type="file"/>
    <qti-outcome-declaration identifier="SCORE" cardinality="single" base-type="float"/>
    <qti-item-body>
        <p>A chocolate factory produces several types of chocolate, some of which have nut centres.
            The chocolates are mixed together and are randomly packed into cartons of ten.</p>
        <qti-upload-interaction response-identifier="RESPONSE">
            <qti-prompt>Build a spreadsheet to simulate 50 cartons of chocolates when each carton
                contains 10 chocolates, and when one-seventh of the chocolates have nut centres.
                Your spreadsheet should include 50 rows representing the 50 cartons, each row
                containing 10 columns to represent the chocolates.</qti-prompt>
        </qti-upload-interaction>
    </qti-item-body>
</qti-assessment-item>