<?xml version="1.0" encoding="UTF-8"?>
<!--This file was created using: Onyx Editor, Version 3.4 (Full, licensed version), (c)2011 BPS Bildungsportal Sachsen GmbH-->
<qti-assessment-item xmlns="http://www.imsglobal.org/xsd/imsqtiasi_v3p0" xmlns:xsi="http://www.w3.org/2001/XMLSchema-instance" 
                     xsi:schemaLocation="http://www.imsglobal.org/xsd/imsqtiasi_v3p0 https://purl.imsglobal.org/spec/qti/v3p0/schema/xsd/imsqti_asiv3p0_v1p0.xsd" 
                     identifier="Item1_410949756" title="1" adaptive="false" time-dependent="false">
	<qti-response-declaration identifier="RESPONSE" cardinality="single" base-type="string"/>
	<qti-outcome-declaration identifier="SCORE" cardinality="single" base-type="float">
		<qti-default-value>
			<qti-value>0.0</qti-value>
		</qti-default-value>
	</qti-outcome-declaration>
	<qti-outcome-declaration identifier="MAXSCORE" cardinality="single" base-type="float">
		<qti-default-value>
			<qti-value>40.0</qti-value>
		</qti-default-value>
	</qti-outcome-declaration>
	<qti-item-body>
		<p><b>Translate the following text into German:</b></p>
		<p>Europe is  no  longer  the  United States´  chief  supplier of <br/>
		immigrants. The lead passed to Asia and Latin America in the 1960s, <br/>
		and by the next decade their arrivals were  outnumbering those from <br/>
		the  Old World  by four to one.  Nationwide they  still  comprise a <br/>
		small  minority,  yet they  also  have  changed the  ethic mix of a <br/>
		half-dozen  and more  major metropolitan  centers.  Although an ex- <br/>
		treme case,  Greater Los Angeles  exemplifies  the  forces at work. <br/>
		Ist Hispanic presence has  increased threefold  and ist  Asian ten- <br/>
		fold over the last twenty-five years.</p>
		<p>More immigrants, and more different kinds of immigrants, have <br/>
		entered the United States than any other country in modern history. <br/>
		The conditions  that  led  them  to leave  their  homelands varied: <br/>
		overpopulation,  contracting economic  opportunities,  famine, war, <br/>
		religious  persecution,  political  oppression.  Whatever  the push <br/>
		that set them in motion,  the pull that  lured them  to America was <br/>
		the promise of  a fresh start.  Much the  same reasons  explain why <br/>
		newcomers  are still  coming,  close to  four million  in  the last <br/>
		decade,  not counting  an unknown  but doubtlessly  large number of <br/>
		illegal entrants<sup>1</sup>.</p>
		<p>From:  Arthur Mann,  "From Immigration to Acculturation",  in <br/>
		Luther S. Luedtke (ed), <em>Making America</em>, 1992</p>
		<p>
			<sup>1</sup> entrants: here: people entering a country</p>
		<qti-extended-text-interaction response-identifier="RESPONSE"/>
	</qti-item-body>
</qti-assessment-item>