<?xml version="1.0" encoding="UTF-8"?>
<!-- Thie example adapted from the PET Handbook, copyright University of Cambridge ESOL Examinations -->
<qti-assessment-item xmlns="http://www.imsglobal.org/xsd/imsqtiasi_v3p0" xmlns:xsi="http://www.w3.org/2001/XMLSchema-instance" xsi:schemaLocation="http://www.imsglobal.org/xsd/imsqtiasi_v3p0 https://purl.imsglobal.org/spec/qti/v3p0/schema/xsd/imsqti_asiv3p0_v1p0.xsd" identifier="essay-vacation" title="What we did in the vacation" adaptive="false" time-dependent="false">
	<qti-response-declaration identifier="RESPONSE" cardinality="single" base-type="string"/>
    <qti-outcome-declaration identifier="SCORE" cardinality="single" base-type="float" normal-maximum="20.0"/>
	<qti-item-body>
		<p>Write a few lines about what you did during the vacation.</p>
		<qti-extended-text-interaction response-identifier="RESPONSE" expected-length="200">
			<qti-prompt>Write 20-50 words.</qti-prompt>
		</qti-extended-text-interaction>
	    <p>Here is a sample response:</p>
	    <blockquote>
	        <p>We went to Wales for our holiday. We stayed in a cottage on a hill.</p>
	        <p>Whie we were there, we rode on a small train, climbed a mountain and walked on a beach.</p>
	    </blockquote>
	</qti-item-body>
</qti-assessment-item>