<?xml version="1.0" encoding="UTF-8"?>
<manifest xmlns="http://www.imsglobal.org/xsd/qti/qtiv3p0/imscp_v1p1" xmlns:imsmd="http://ltsc.ieee.org/xsd/LOM" xmlns:xsi="http://www.w3.org/2001/XMLSchema-instance" xmlns:imsqti="http://www.imsglobal.org/xsd/imsqtiasi_v3p0" identifier="MANIFEST-85D76736-6D19-9DC0-7C0B-57C31A9FD391" xsi:schemaLocation="http://www.imsglobal.org/xsd/imsqtiasi_v3p0 https://purl.imsglobal.org/spec/qti/v3p0/schema/xsd/imsqti_asiv3p0_v1p0.xsd http://ltsc.ieee.org/xsd/LOM https://purl.imsglobal.org/spec/md/v1p3/schema/xsd/imsmd_loose_v1p3p2.xsd http://www.imsglobal.org/xsd/qti/qtiv3p0/imscp_v1p1 https://purl.imsglobal.org/spec/qti/v3p0/schema/xsd/imsqtiv3p0_imscpv1p2_v1p0.xsd">
	<metadata>
		<schema>QTI Package</schema>
		<schemaversion>3.0.0</schemaversion>
		<imsmd:lom>
			<imsmd:general>
				<imsmd:title>
					<imsmd:string language="en">Example Content package with QTI v3.0 items</imsmd:string>
				</imsmd:title>
				<imsmd:language>en</imsmd:language>
				<imsmd:description>
					<imsmd:string language="en">This is an example Contentpackage containing a
						number of QTI v3.0 items</imsmd:string>
				</imsmd:description>
			</imsmd:general>
			<imsmd:lifeCycle>
				<imsmd:version>
					<imsmd:string language="en">1.1</imsmd:string>
			</imsmd:version>
				<imsmd:status>
					<imsmd:source>LOMv1.0</imsmd:source>
					<imsmd:value>Final</imsmd:value>
				</imsmd:status>
			</imsmd:lifeCycle>
			<imsmd:metaMetadata>
				<imsmd:metadataschema>LOMv1.0</imsmd:metadataschema>
				<imsmd:metadataschema>QTIv3.0</imsmd:metadataschema>
				<imsmd:language>en</imsmd:language>
			</imsmd:metaMetadata>
			<imsmd:technical>
				<imsmd:format>text/x-imsqti-item-xml</imsmd:format>
				<imsmd:format>image/png</imsmd:format>
			</imsmd:technical>
			<imsmd:rights>
				<imsmd:description>
					<imsmd:string language="en">(c) 2004 - 2019, IMS Global Learning Consortium;
						individual items may have own copyright statement.</imsmd:string>
				</imsmd:description>
			</imsmd:rights>
		</imsmd:lom>
	</metadata>
	<organizations/>
	<resources>
		<resource identifier="RES-BCA84FC0-53F9-ABBD-C3FE-BDB5B825CA9E" type="imsqti_item_xmlv3p0" href="example/adaptive.xml">
			<metadata>
                <imsqti:qtiMetadata>
					<imsqti:timeDependent>false</imsqti:timeDependent>
					<imsqti:interactionType>choiceInteraction</imsqti:interactionType>
					<imsqti:feedbackType>adaptive</imsqti:feedbackType>
					<imsqti:solutionAvailable>true</imsqti:solutionAvailable>
				</imsqti:qtiMetadata>
				<imsmd:lom>
					<imsmd:general>
						<imsmd:identifier>
                            <imsmd:entry>adaptiveTemplate</imsmd:entry>
                        </imsmd:identifier>
						<imsmd:title>
							<imsmd:string language="en">Monty Hall (Take 2)</imsmd:string>
						</imsmd:title>
						<imsmd:description>
							<imsmd:string language="en">This example takes a famous mathematical
								problem and presents it to the user as a game.</imsmd:string>
						</imsmd:description>
					</imsmd:general>
					<imsmd:lifeCycle>
						<imsmd:version>
							<imsmd:string language="en">1.0</imsmd:string>
						</imsmd:version>
						<imsmd:status>
							<imsmd:source>LOMv1.0</imsmd:source>
							<imsmd:value>Draft</imsmd:value>
						</imsmd:status>
					</imsmd:lifeCycle>
					<imsmd:technical>
						<imsmd:format>text/x-imsqti-item-xml</imsmd:format>
						<imsmd:format>image/png</imsmd:format>
					</imsmd:technical>
				</imsmd:lom>
			</metadata>
			<file href="example/adaptive.xml"/>
			<file href="example/green_door.png"/>
			<file href="example/open_car.png"/>
			<file href="example/red_door.png"/>
			<file href="example/blue_door.png"/>
			<file href="example/open_goat.png"/>
		</resource>
		<resource identifier="RES-B38DF83F-A291-86DA-4EC3-B2CEBD1515A4" type="imsqti_item_xmlv3p0" href="example/choice.xml">
			<metadata>
                <imsqti:qtiMetadata>
					<imsqti:timeDependent>false</imsqti:timeDependent>
					<imsqti:interactionType>choiceInteraction</imsqti:interactionType>
					<imsqti:feedbackType>none</imsqti:feedbackType>
					<imsqti:solutionAvailable>true</imsqti:solutionAvailable>
				</imsqti:qtiMetadata>
				<imsmd:lom>
					<imsmd:general>
						<imsmd:identifier>
                            <imsmd:entry>choice</imsmd:entry>
                        </imsmd:identifier>
						<imsmd:title>
							<imsmd:string language="en">Unattended Luggage</imsmd:string>
						</imsmd:title>
						<imsmd:description>
							<imsmd:string language="en">This example illustrates the
								choiceInteraction being used to obtain a single response from the
								candidate.</imsmd:string>
						</imsmd:description>
					</imsmd:general>
					<imsmd:lifeCycle>
						<imsmd:version>
							<imsmd:string language="en">1.0</imsmd:string>
						</imsmd:version>
						<imsmd:status>
							<imsmd:source>LOMv1.0</imsmd:source>
							<imsmd:value>Draft</imsmd:value>
						</imsmd:status>
					</imsmd:lifeCycle>
					<imsmd:technical>
						<imsmd:format>text/x-imsqti-item-xml</imsmd:format>
					</imsmd:technical>
					<imsmd:rights>
						<imsmd:description>
							<imsmd:string language="en">This example has been adapted from the
								PET Handbook, copyright University of Cambridge ESOL Examinations
							.</imsmd:string>
						</imsmd:description>
					</imsmd:rights>
				</imsmd:lom>
			</metadata>
			<file href="example/choice.xml"/>
			<file href="example/sign.png"/>
			<dependency identifierref="rp02"/>
		</resource>
		<resource identifier="RES-3E07BB74-648D-1705-AB43-FC02920B1EAD" type="imsqti_item_xmlv3p0" href="example/choice_multiple.xml">
			<metadata>
                <imsqti:qtiMetadata>
					<imsqti:timeDependent>false</imsqti:timeDependent>
					<imsqti:interactionType>choiceInteraction</imsqti:interactionType>
					<imsqti:feedbackType>none</imsqti:feedbackType>
					<imsqti:solutionAvailable>true</imsqti:solutionAvailable>
				</imsqti:qtiMetadata>
				<imsmd:lom>
					<imsmd:general>
						<imsmd:identifier>
                            <imsmd:entry>choiceMultiple</imsmd:entry>
                        </imsmd:identifier>
						<imsmd:title>
							<imsmd:string language="en">Composition of Water</imsmd:string>
						</imsmd:title>
						<imsmd:description>
							<imsmd:string language="en">This example illustrates the
								choiceInteraction being used to obtain multiple responses from the
								candidate.</imsmd:string>
						</imsmd:description>
					</imsmd:general>
					<imsmd:lifeCycle>
						<imsmd:version>
							<imsmd:string language="en">1.0</imsmd:string>
						</imsmd:version>
						<imsmd:status>
							<imsmd:source>LOMv1.0</imsmd:source>
							<imsmd:value>Draft</imsmd:value>
						</imsmd:status>
					</imsmd:lifeCycle>
					<imsmd:technical>
						<imsmd:format>text/x-imsqti-item-xml</imsmd:format>
					</imsmd:technical>
				</imsmd:lom>
			</metadata>
			<file href="example/choice_multiple.xml"/>
			<dependency identifierref="rp01"/>
		</resource>
		<resource identifier="RES-1CDACE46-DD7B-719F-0D4D-BDA579A862AB" type="imsqti_item_xmlv3p0" href="example/hotspot.xml">
			<metadata>
                <imsqti:qtiMetadata>
					<imsqti:timeDependent>false</imsqti:timeDependent>
					<imsqti:interactionType>hotspotInteraction</imsqti:interactionType>
					<imsqti:feedbackType>none</imsqti:feedbackType>
					<imsqti:solutionAvailable>true</imsqti:solutionAvailable>
				</imsqti:qtiMetadata>
				<imsmd:lom>
					<imsmd:general>
						<imsmd:identifier>
                            <imsmd:entry>hotspot</imsmd:entry>
                        </imsmd:identifier>
						<imsmd:title>
							<imsmd:string language="en">UK Airports (Take 1)</imsmd:string>
						</imsmd:title>
						<imsmd:description>
							<imsmd:string language="en">This example illustrates the
								hotspotInteraction.</imsmd:string>
						</imsmd:description>
					</imsmd:general>
					<imsmd:lifeCycle>
						<imsmd:version>
							<imsmd:string language="en">1.0</imsmd:string>
						</imsmd:version>
						<imsmd:status>
							<imsmd:source>LOMv1.0</imsmd:source>
							<imsmd:value>Draft</imsmd:value>
						</imsmd:status>
					</imsmd:lifeCycle>
					<imsmd:technical>
						<imsmd:format>text/x-imsqti-item-xml</imsmd:format>
						<imsmd:format>image/png</imsmd:format>
					</imsmd:technical>
				</imsmd:lom>
			</metadata>
			<file href="example/hotspot.xml"/>
			<file href="example/ukair.png"/>
			<dependency identifierref="rp02"/>
		</resource>
		<resource identifier="rp01" type="imsqti_rptemplate_xmlv3p0">
			<metadata>
				<imsmd:lom>
					<imsmd:general>
						<imsmd:identifier>
                            <imsmd:entry>https://www.imsglobal.org/question/qti_v3p0/rptemplates/map_response.xml</imsmd:entry>
                        </imsmd:identifier>
						<imsmd:title>
							<imsmd:string language="en">Map Response Template</imsmd:string>
						</imsmd:title>
						<imsmd:description>
							<imsmd:string language="en">The map response processing template
								uses the mapResponse operator to map the value of a response
								variable RESPONSE onto a value for the outcome SCORE. Note that when
								using the mapResponse, the SCORE needs to be of type float. Both
								variables must have been declared and RESPONSE must have an
								associated mapping. The template applies to responses of any
								baseType and cardinality. See the notes about mapResponse for
								details of its behaviour when applied to
							containers.</imsmd:string>
						</imsmd:description>
					</imsmd:general>
					<imsmd:lifeCycle>
						<imsmd:version>
							<imsmd:string language="en">1.0</imsmd:string>
						</imsmd:version>
						<imsmd:status>
							<imsmd:source>LOMv1.0</imsmd:source>
							<imsmd:value>Final</imsmd:value>
						</imsmd:status>
					</imsmd:lifeCycle>
					<imsmd:technical>
						<imsmd:format>application/xml</imsmd:format>
					</imsmd:technical>
					<imsmd:rights>
						<imsmd:cost>
							<imsmd:source>LOMv1.0</imsmd:source>
							<imsmd:value>no</imsmd:value>
						</imsmd:cost>
						<imsmd:copyrightAndOtherRestrictions>
							<imsmd:source>LOMv1.0</imsmd:source>
							<imsmd:value>yes</imsmd:value>
						</imsmd:copyrightAndOtherRestrictions>
						<imsmd:description>
							<imsmd:string>Copyright (c) 2006 IMS Global Learning Consortium,
								Inc. All Rights Reserved.</imsmd:string>
						</imsmd:description>
					</imsmd:rights>
				</imsmd:lom>
			</metadata>
			<file href="rptemplates/map_response.xml"/>
		</resource>
		<resource identifier="rp02" type="imsqti_rptemplate_xmlv3p0">
			<metadata>
				<imsmd:lom>
					<imsmd:general>
						<imsmd:identifier>
                            <imsmd:entry>https://www.imsglobal.org/question/qti_v3p0/rptemplates/match_correct.xml</imsmd:entry>
                        </imsmd:identifier>
						<imsmd:title>
							<imsmd:string language="en">Match Correct</imsmd:string>
						</imsmd:title>
						<imsmd:description>
							<imsmd:string language="en">The match correct response processing
								template uses the match operator to match the value of a response
								variable RESPONSE with its correct value. It sets the outcome
								variable SCORE to either 0 or 1 depending on the outcome of the
								test. A response variable with called RESPONSE must have been
								declared and have an associated correct value. Similarly, the
								outcome variable SCORE must also have been declared. The template
								applies to responses of any baseType and cardinality though bear in
								mind the limitations of matching more complex data types. This
								template shouldn't be used for testing the numerical equality of
								responses with base-type float.</imsmd:string>
						</imsmd:description>
					</imsmd:general>
					<imsmd:lifeCycle>
						<imsmd:version>
							<imsmd:string language="en">1.0</imsmd:string>
						</imsmd:version>
						<imsmd:status>
							<imsmd:source>LOMv1.0</imsmd:source>
							<imsmd:value>Final</imsmd:value>
						</imsmd:status>
					</imsmd:lifeCycle>
					<imsmd:technical>
						<imsmd:format>application/xml</imsmd:format>
					</imsmd:technical>
					<imsmd:rights>
						<imsmd:cost>
							<imsmd:source>LOMv1.0</imsmd:source>
							<imsmd:value>no</imsmd:value>
						</imsmd:cost>
						<imsmd:copyrightAndOtherRestrictions>
							<imsmd:source>LOMv1.0</imsmd:source>
							<imsmd:value>yes</imsmd:value>
						</imsmd:copyrightAndOtherRestrictions>
						<imsmd:description>
							<imsmd:string>Copyright (c) 2006 IMS Global Learning Consortium,
								Inc. All Rights Reserved.</imsmd:string>
						</imsmd:description>
					</imsmd:rights>
				</imsmd:lom>
			</metadata>
			<file href="rptemplates/match_correct.xml"/>
		</resource>
	</resources>
</manifest>