<?xml version="1.0" encoding="UTF-8"?>
<qti-assessment-item xmlns="http://www.imsglobal.org/xsd/imsqtiasi_v3p0" xmlns:xsi="http://www.w3.org/2001/XMLSchema-instance" xsi:schemaLocation="http://www.imsglobal.org/xsd/imsqtiasi_v3p0 https://purl.imsglobal.org/spec/qti/v3p0/schema/xsd/imsqti_asiv3p0_v1p0.xsd" identifier="MultipleAnswer-choice-materials" title="Applications of materials" adaptive="false" time-dependent="false">
    <qti-response-declaration identifier="RESPONSE" cardinality="multiple" base-type="identifier">
        <qti-correct-response>
            <qti-value>A</qti-value>
            <qti-value>I</qti-value>
        </qti-correct-response>
        <qti-mapping lower-bound="0" upper-bound="2" default-value="0">
            <qti-map-entry map-key="A" mapped-value="1"/>
            <qti-map-entry map-key="I" mapped-value="1"/>
        </qti-mapping>
    </qti-response-declaration>
    <qti-outcome-declaration identifier="SCORE" cardinality="single" base-type="float" normal-maximum="2.0"/>
    <qti-outcome-declaration identifier="FEEDBACK" cardinality="single" base-type="identifier"/>
    <qti-item-body>
        <qti-choice-interaction response-identifier="RESPONSE" shuffle="true" max-choices="0">
            <qti-prompt>Select the application(s) for which aluminium alloy is most suitable:</qti-prompt>
            <qti-simple-choice identifier="A" fixed="false">Aircraft</qti-simple-choice>
            <qti-simple-choice identifier="I" fixed="false">Irrigation pipes</qti-simple-choice>
            <qti-simple-choice identifier="C" fixed="false">Cultivator tines</qti-simple-choice>
            <qti-simple-choice identifier="R" fixed="false">Racing cars</qti-simple-choice>
        </qti-choice-interaction>
        <p>
            <qti-feedback-inline outcome-identifier="FEEDBACK" show-hide="show" identifier="OK">
                Yes, that's correct.</qti-feedback-inline>
            <qti-feedback-inline outcome-identifier="FEEDBACK" show-hide="show" identifier="No">
                No, that's not correct.</qti-feedback-inline>
        </p>
    </qti-item-body>
    <qti-response-processing>
        <qti-response-condition>
            <qti-response-if>
                <qti-is-null>
                    <qti-variable identifier="RESPONSE"/>
                </qti-is-null>
                <qti-set-outcome-value identifier="SCORE">
                    <qti-base-value base-type="float">0.0</qti-base-value>
                </qti-set-outcome-value>
            </qti-response-if>
            <qti-response-else>
                <qti-set-outcome-value identifier="SCORE">
                    <qti-map-response identifier="RESPONSE"/>
                </qti-set-outcome-value>
                <qti-response-condition>
                    <qti-response-if>
                        <qti-equal tolerance-mode="exact">
                            <qti-variable identifier="SCORE"/>
                            <qti-base-value base-type="float">2.0</qti-base-value>
                        </qti-equal>
                        <qti-set-outcome-value identifier="FEEDBACK">
                            <qti-base-value base-type="identifier">OK</qti-base-value>
                        </qti-set-outcome-value>
                    </qti-response-if>
                    <qti-response-else>
                        <qti-set-outcome-value identifier="FEEDBACK">
                            <qti-base-value base-type="identifier">No</qti-base-value>
                        </qti-set-outcome-value>
                    </qti-response-else>
                </qti-response-condition>
            </qti-response-else>
        </qti-response-condition>
    </qti-response-processing>
</qti-assessment-item>