<?xml version="1.0" encoding="utf-8" standalone="no"?>
<qti-assessment-item xmlns="http://www.imsglobal.org/xsd/imsqtiasi_v3p0" xmlns:xsi="http://www.w3.org/2001/XMLSchema-instance" xsi:schemaLocation="http://www.imsglobal.org/xsd/imsqtiasi_v3p0 https://www.imsglobal.org/xsd/qti/qtiv3p0/imsqti_asiv3p0_v1p0.xsd" identifier="qti3-match-03" time-dependent="false" title="Match Item 3 - QTI3" adaptive="false">
  <qti-response-declaration base-type="directedPair" cardinality="multiple" identifier="RESPONSE1">
    <qti-correct-response>
      <qti-value>C R</qti-value>
      <qti-value>D M</qti-value>
      <qti-value>L M</qti-value>
      <qti-value>P T</qti-value>
    </qti-correct-response>
    <qti-mapping default-value="0">
      <qti-map-entry map-key="C R" mapped-value="1"/>
      <qti-map-entry map-key="D M" mapped-value="0.5"/>
      <qti-map-entry map-key="L M" mapped-value="0.5"/>
      <qti-map-entry map-key="P T" mapped-value="1"/>
    </qti-mapping>
  </qti-response-declaration>
  <qti-response-declaration base-type="directedPair" cardinality="multiple" identifier="RESPONSE2">
    <qti-correct-response>
      <qti-value>C R</qti-value>
      <qti-value>D M</qti-value>
      <qti-value>L M</qti-value>
      <qti-value>P T</qti-value>
    </qti-correct-response>
    <qti-mapping default-value="0">
      <qti-map-entry map-key="C R" mapped-value="1"/>
      <qti-map-entry map-key="D M" mapped-value="0.5"/>
      <qti-map-entry map-key="L M" mapped-value="0.5"/>
      <qti-map-entry map-key="P T" mapped-value="1"/>
    </qti-mapping>
  </qti-response-declaration>
  <qti-response-declaration base-type="directedPair" cardinality="multiple" identifier="RESPONSE3">
    <qti-correct-response>
      <qti-value>C R</qti-value>
      <qti-value>D M</qti-value>
      <qti-value>L M</qti-value>
      <qti-value>P T</qti-value>
    </qti-correct-response>
    <qti-mapping default-value="0">
      <qti-map-entry map-key="C R" mapped-value="1"/>
      <qti-map-entry map-key="D M" mapped-value="0.5"/>
      <qti-map-entry map-key="L M" mapped-value="0.5"/>
      <qti-map-entry map-key="P T" mapped-value="1"/>
    </qti-mapping>
  </qti-response-declaration> 
  <qti-outcome-declaration base-type="float" cardinality="single" identifier="SCORE">
    <qti-default-value>
      <qti-value>0.0</qti-value>
    </qti-default-value>
  </qti-outcome-declaration>
  <qti-item-body>

    <p>
      Delivery systems may implement Match Interaction's in a <em>visual Tabular</em> fashion.  When they do so, the shared 
      vocabulary is intended to provide visual styles and content to improve interoperability and visual consistency.
    </p>
    
    <p>
      Setting class to <strong>qti-match-tabular</strong> renders a visual table with the choices of the first Simple 
      Match Set as the table Row headings, and the choices of the second Simple Match Set as the table Column headings.
      Class <strong>qti-header-hidden</strong>, and data- attribute <strong>data-first-column-header</strong> are only 
      relevant when <strong>qti-match-tabular</strong> is specified.
    </p>
    
    <qti-match-interaction class="qti-match-tabular" max-associations="4" response-identifier="RESPONSE1">
      <qti-prompt>Demonstrates qti-match-tabular</qti-prompt>
      <qti-simple-match-set>
        <qti-simple-associable-choice identifier="C" match-max="1" aria-label="Capulet">Capulet</qti-simple-associable-choice>
        <qti-simple-associable-choice identifier="D" match-max="1" aria-label="Demetrius">Demetrius</qti-simple-associable-choice>
        <qti-simple-associable-choice identifier="L" match-max="1" aria-label="Lysander">Lysander</qti-simple-associable-choice>
        <qti-simple-associable-choice identifier="P" match-max="1" aria-label="Prospero">Prospero</qti-simple-associable-choice>
      </qti-simple-match-set>
      <qti-simple-match-set>
        <qti-simple-associable-choice identifier="M" match-max="4" aria-label="A Midsummer-Night's Dream">A Midsummer-Night's Dream</qti-simple-associable-choice>
        <qti-simple-associable-choice identifier="R" match-max="4" aria-label="Romeo and Juliet">Romeo and Juliet</qti-simple-associable-choice>
        <qti-simple-associable-choice identifier="T" match-max="4" aria-label="The Tempest">The Tempest</qti-simple-associable-choice>
      </qti-simple-match-set>
    </qti-match-interaction>
    
    <qti-match-interaction class="qti-match-tabular qti-header-hidden" max-associations="4" response-identifier="RESPONSE2">
      <qti-prompt>Demonstrates qti-match-tabular and qti-header-hidden</qti-prompt>
      <qti-simple-match-set>
        <qti-simple-associable-choice identifier="C" match-max="1" aria-label="Capulet">Capulet</qti-simple-associable-choice>
        <qti-simple-associable-choice identifier="D" match-max="1" aria-label="Demetrius">Demetrius</qti-simple-associable-choice>
        <qti-simple-associable-choice identifier="L" match-max="1" aria-label="Lysander">Lysander</qti-simple-associable-choice>
        <qti-simple-associable-choice identifier="P" match-max="1" aria-label="Prospero">Prospero</qti-simple-associable-choice>
      </qti-simple-match-set>
      <qti-simple-match-set>
        <qti-simple-associable-choice identifier="M" match-max="4" aria-label="A Midsummer-Night's Dream">A Midsummer-Night's Dream</qti-simple-associable-choice>
        <qti-simple-associable-choice identifier="R" match-max="4" aria-label="Romeo and Juliet">Romeo and Juliet</qti-simple-associable-choice>
        <qti-simple-associable-choice identifier="T" match-max="4" aria-label="The Tempest">The Tempest</qti-simple-associable-choice>
      </qti-simple-match-set>
    </qti-match-interaction>

    <qti-match-interaction class="qti-match-tabular" data-first-column-header="Characters" max-associations="4" response-identifier="RESPONSE3">
      <qti-prompt>Demonstrates qti-match-tabular and data-first-column-header="Characters"</qti-prompt>
      <qti-simple-match-set>
        <qti-simple-associable-choice identifier="C" match-max="1" aria-label="Capulet">Capulet</qti-simple-associable-choice>
        <qti-simple-associable-choice identifier="D" match-max="1" aria-label="Demetrius">Demetrius</qti-simple-associable-choice>
        <qti-simple-associable-choice identifier="L" match-max="1" aria-label="Lysander">Lysander</qti-simple-associable-choice>
        <qti-simple-associable-choice identifier="P" match-max="1" aria-label="Prospero">Prospero</qti-simple-associable-choice>
      </qti-simple-match-set>
      <qti-simple-match-set>
        <qti-simple-associable-choice identifier="M" match-max="4" aria-label="A Midsummer-Night's Dream">A Midsummer-Night's Dream</qti-simple-associable-choice>
        <qti-simple-associable-choice identifier="R" match-max="4" aria-label="Romeo and Juliet">Romeo and Juliet</qti-simple-associable-choice>
        <qti-simple-associable-choice identifier="T" match-max="4" aria-label="The Tempest">The Tempest</qti-simple-associable-choice>
      </qti-simple-match-set>
    </qti-match-interaction>
    
  </qti-item-body>
</qti-assessment-item>