<?xml version="1.0" encoding="UTF-8" standalone="no"?>
<assessmentItem xmlns="http://www.imsglobal.org/xsd/imsqtiasi_v3p0"
  xmlns:xsi="http://www.w3.org/2001/XMLSchema-instance"
  xsi:schemaLocation="http://www.imsglobal.org/xsd/imsqtiasi_v3p0 http://www.imsglobal.org/xsd/qti/qtiv3p0/imsqti_itemv3p0_v1p0.xsd" 
  identifier="qti3-hottext-02" title="Hot Text 2 - QTI3" adaptive="false" timeDependent="false" >
  <responseDeclaration baseType="identifier" cardinality="multiple" identifier="RESPONSE1">
    <correctResponse>
      <value>B</value>
      <value>D</value>
    </correctResponse>
  </responseDeclaration>
  <outcomeDeclaration baseType="float" cardinality="single" identifier="SCORE">
    <defaultValue>
      <value>0</value>
    </defaultValue>
  </outcomeDeclaration>
  <itemBody>
    <p><strong>Demonstrates multiple cardinality, max-choices=2, min-choices=1, data-max-selections-message, data-min-selections-message</strong></p>
    
    <qti-hottext-interaction class="" max-choices="2" min-choices="1"
      data-max-selections-message="You've selected too many!" 
      data-min-selections-message="You haven't selected enough." 
      response-identifier="RESPONSE1">
      <qti-prompt>
        <p>
          Select the error(s) in the following passage of text (or <em>No Error</em> if there is none).
        </p>
      </qti-prompt>
      <p>
        Sponsors of the Olympic Games <qti-hottext identifier="A">who bought</qti-hottext>
        advertising time on United States television <qti-hottext identifier="B">includes</qti-hottext>
        <qti-hottext identifier="C">at least</qti-hottext> a dozen international firms <qti-hottext identifier="D">who's</qti-hottext> names are familiar to American consumers.
        <qti-hottext identifier="E">No error.</qti-hottext>
      </p>
    </qti-hottext-interaction>    
  </itemBody>
</assessmentItem>