<?xml version="1.0" encoding="UTF-8" standalone="no"?>
<qti-assessment-item xmlns="http://www.imsglobal.org/xsd/imsqtiasi_v3p0" xmlns:xsi="http://www.w3.org/2001/XMLSchema-instance" xsi:schemaLocation="http://www.imsglobal.org/xsd/imsqtiasi_v3p0 https://www.imsglobal.org/xsd/qti/qtiv3p0/imsqti_asiv3p0_v1p0.xsd" identifier="qti3-hottext-02" title="Hot Text 2 - QTI3" adaptive="false" time-dependent="false">
  <qti-response-declaration base-type="identifier" cardinality="multiple" identifier="RESPONSE1">
    <qti-correct-response>
      <qti-value>B</qti-value>
      <qti-value>D</qti-value>
    </qti-correct-response>
  </qti-response-declaration>
  <qti-outcome-declaration base-type="float" cardinality="single" identifier="SCORE">
    <qti-default-value>
      <qti-value>0</qti-value>
    </qti-default-value>
  </qti-outcome-declaration>
  <qti-item-body>
    <p><strong>Demonstrates multiple cardinality, max-choices=2, min-choices=1, data-max-selections-message, data-min-selections-message</strong></p>
    
    <qti-hottext-interaction class="" max-choices="2" min-choices="1" data-max-selections-message="You've selected too many!" data-min-selections-message="You haven't selected enough." response-identifier="RESPONSE1">
      <qti-prompt>
        <p>
          Select the error(s) in the following passage of text (or <em>No Error</em> if there is none).
        </p>
      </qti-prompt>
      <p>
        Sponsors of the Olympic Games <qti-hottext identifier="A">who bought</qti-hottext>
        advertising time on United States television <qti-hottext identifier="B">includes</qti-hottext>
        <qti-hottext identifier="C">at least</qti-hottext> a dozen international firms <qti-hottext identifier="D">who's</qti-hottext> names are familiar to American consumers.
        <qti-hottext identifier="E">No error.</qti-hottext>
      </p>
    </qti-hottext-interaction>    
  </qti-item-body>
</qti-assessment-item>