<?xml version="1.0" encoding="UTF-8"?>
<qti-assessment-item xmlns="http://www.imsglobal.org/xsd/imsqtiasi_v3p0" xmlns:xsi="http://www.w3.org/2001/XMLSchema-instance" xsi:schemaLocation="http://www.imsglobal.org/xsd/imsqtiasi_v3p0 https://purl.imsglobal.org/spec/qti/v3p0/schema/xsd/imsqti_asiv3p0_v1p0.xsd" xmlns:xi="http://www.w3.org/2001/XInclude" xmlns:m="http://www.w3.org/1998/Math/MathML" tool-name="Mathqurate" tool-version="1.0" xml:lang="en" identifier="jumble-gapMatch" title="Jumble: Legend - gapMatch" adaptive="false" time-dependent="false">
    <!--<responseDeclaration identifier="RESPONSE1" cardinality="single" baseType="identifier">
        <correctResponse>
            <value>F1</value>
        </correctResponse>
    </responseDeclaration>
    <responseDeclaration identifier="RESPONSE2" cardinality="single" baseType="identifier">
        <correctResponse>
            <value>C2</value>
        </correctResponse>
    </responseDeclaration>
    <responseDeclaration identifier="RESPONSE3" cardinality="single" baseType="identifier">
        <correctResponse>
            <value>H3</value>
        </correctResponse>
    </responseDeclaration>-->
    <qti-response-declaration identifier="RESPONSE4" cardinality="multiple" base-type="directedPair">
        <qti-correct-response>
            <qti-value>F G1</qti-value>
            <qti-value>C G2</qti-value>
            <qti-value>H G3</qti-value>
        </qti-correct-response>
    </qti-response-declaration>
    <qti-outcome-declaration identifier="SCORE" cardinality="single" base-type="float">
        <qti-default-value>
            <qti-value>0.0</qti-value>
        </qti-default-value>
    </qti-outcome-declaration>
    <!--<outcomeDeclaration identifier="SCORE1" cardinality="single" baseType="float">
        <defaultValue>
            <value>0.0</value>
        </defaultValue>
    </outcomeDeclaration>
    <outcomeDeclaration identifier="SCORE2" cardinality="single" baseType="float">
        <defaultValue>
            <value>0.0</value>
        </defaultValue>
    </outcomeDeclaration>
    <outcomeDeclaration identifier="SCORE3" cardinality="single" baseType="float">
        <defaultValue>
            <value>0.0</value>
        </defaultValue>
    </outcomeDeclaration>-->
    <qti-outcome-declaration identifier="FEEDBACK" cardinality="single" base-type="identifier"/>

    <qti-item-body>
        <!--<div>            
            <blockquote>
                <p>The bandit killed her <inlineChoiceInteraction responseIdentifier="RESPONSE1"
                    shuffle="true">
                    <inlineChoice identifier="O1" fixed="true">Please choose...</inlineChoice>
                    <inlineChoice identifier="C1">castle</inlineChoice>
                    <inlineChoice identifier="F1">family</inlineChoice>
                    <inlineChoice identifier="H1">horse</inlineChoice>
                    <inlineChoice identifier="S1">sword</inlineChoice>
                </inlineChoiceInteraction> and burned her <inlineChoiceInteraction responseIdentifier="RESPONSE2"
                    shuffle="true">
                    <inlineChoice identifier="O2" fixed="true">Please choose...</inlineChoice>
                    <inlineChoice identifier="C2">castle</inlineChoice>
                    <inlineChoice identifier="F2">family</inlineChoice>
                    <inlineChoice identifier="H2">horse</inlineChoice>
                    <inlineChoice identifier="S2">sword</inlineChoice>
                </inlineChoiceInteraction>, 
                    then jumped on her <inlineChoiceInteraction responseIdentifier="RESPONSE3"
                        shuffle="true">
                        <inlineChoice identifier="O3" fixed="true">Please choose...</inlineChoice>
                        <inlineChoice identifier="C3">castle</inlineChoice>
                        <inlineChoice identifier="F3">family</inlineChoice>
                        <inlineChoice identifier="H3">horse</inlineChoice>
                        <inlineChoice identifier="S3">sword</inlineChoice>
                    </inlineChoiceInteraction> and rode away.</p>
            </blockquote>
        </div>-->
        <qti-gap-match-interaction response-identifier="RESPONSE4" shuffle="true">
            <qti-gap-text identifier="F" match-max="1">family</qti-gap-text>
            <qti-gap-text identifier="C" match-max="1">castle</qti-gap-text>
            <qti-gap-text identifier="S" match-max="1">sword</qti-gap-text>
            <qti-gap-text identifier="H" match-max="1">horse</qti-gap-text>
            <blockquote>
                <p>The bandit killed her <qti-gap identifier="G1"/> and burned her <qti-gap identifier="G2"/>, then jumped on her <qti-gap identifier="G3"/> and rode away.</p>
            </blockquote>
        </qti-gap-match-interaction>
        <p>
            <qti-feedback-inline outcome-identifier="FEEDBACK" show-hide="show" identifier="OK"> Yes,
                that's what he did.</qti-feedback-inline>
            <qti-feedback-inline outcome-identifier="FEEDBACK" show-hide="show" identifier="No"> No, that's
                not what he did.</qti-feedback-inline>
        </p>
    </qti-item-body>
    <qti-response-processing>
        <!--<responseCondition>
            <responseIf>
                <match>
                    <variable identifier="RESPONSE1"/>
                    <correct identifier="RESPONSE1"/>
                </match>
                <setOutcomeValue identifier="SCORE1">
                    <baseValue baseType="float">1.0</baseValue>
                </setOutcomeValue>
            </responseIf>
            <responseElse>
                <setOutcomeValue identifier="SCORE1">
                    <baseValue baseType="float">0.0</baseValue>
                </setOutcomeValue>
            </responseElse>
        </responseCondition>
        <responseCondition>
            <responseIf>
                <match>
                    <variable identifier="RESPONSE2"/>
                    <correct identifier="RESPONSE2"/>
                </match>
                <setOutcomeValue identifier="SCORE2">
                    <baseValue baseType="float">1.0</baseValue>
                </setOutcomeValue>
            </responseIf>
            <responseElse>
                <setOutcomeValue identifier="SCORE2">
                    <baseValue baseType="float">0.0</baseValue>
                </setOutcomeValue>
            </responseElse>
        </responseCondition>
        <responseCondition>
            <responseIf>
                <match>
                    <variable identifier="RESPONSE3"/>
                    <correct identifier="RESPONSE3"/>
                </match>
                <setOutcomeValue identifier="SCORE3">
                    <baseValue baseType="float">1.0</baseValue>
                </setOutcomeValue>
            </responseIf>
            <responseElse>
                <setOutcomeValue identifier="SCORE3">
                    <baseValue baseType="float">0.0</baseValue>
                </setOutcomeValue>
            </responseElse>
        </responseCondition>
        <setOutcomeValue identifier="SCORE">
            <sum>
                <variable identifier="SCORE1"/>
                <variable identifier="SCORE2"/>
                <variable identifier="SCORE3"/>
            </sum>
        </setOutcomeValue>-->
        <qti-response-condition>
            <qti-response-if>
                <qti-match>
                    <qti-variable identifier="RESPONSE4"/>
                    <qti-correct identifier="RESPONSE4"/>
                </qti-match>
                <qti-set-outcome-value identifier="SCORE">
                    <qti-base-value base-type="float">3.0</qti-base-value>
                </qti-set-outcome-value>
                <qti-set-outcome-value identifier="FEEDBACK">
                    <qti-base-value base-type="identifier">OK</qti-base-value>
                </qti-set-outcome-value>
            </qti-response-if>
            <qti-response-else>
                <qti-set-outcome-value identifier="SCORE">
                    <qti-base-value base-type="float">0.0</qti-base-value>
                </qti-set-outcome-value>
                <qti-set-outcome-value identifier="FEEDBACK">
                    <qti-base-value base-type="identifier">No</qti-base-value>
                </qti-set-outcome-value>
            </qti-response-else>
        </qti-response-condition>
        <qti-response-condition>
            <qti-response-if>
                <qti-equal tolerance-mode="exact">
                    <qti-variable identifier="SCORE"/>
                    <qti-base-value base-type="float">3.0</qti-base-value>
                </qti-equal>
                <qti-set-outcome-value identifier="FEEDBACK">
                    <qti-base-value base-type="identifier">OK</qti-base-value>
                </qti-set-outcome-value>
            </qti-response-if>
            <qti-response-else>
                <qti-set-outcome-value identifier="FEEDBACK">
                    <qti-base-value base-type="identifier">No</qti-base-value>
                </qti-set-outcome-value>
            </qti-response-else>
        </qti-response-condition>
    </qti-response-processing>
</qti-assessment-item>