<?xml version="1.0" encoding="UTF-8"?>
<!--This file was created using: Onyx Editor, Version 3.4 (Unregistered demo version), (c)2011 BPS Bildungsportal Sachsen GmbH-->
<qti-assessment-item xmlns="http://www.imsglobal.org/xsd/imsqtiasi_v3p0" xmlns:xsi="http://www.w3.org/2001/XMLSchema-instance" xsi:schemaLocation="http://www.imsglobal.org/xsd/imsqtiasi_v3p0 https://purl.imsglobal.org/spec/qti/v3p0/schema/xsd/imsqti_asiv3p0_v1p0.xsd" identifier="F_1344365064" title="Was sind typische Signalwörter für das Present Perfect?" adaptive="false" time-dependent="false">
	<qti-response-declaration identifier="RESPONSE_17315993" cardinality="multiple" base-type="identifier">
		<qti-correct-response>
			<qti-value>choice_1427918982</qti-value>
			<qti-value>choice_1945125555</qti-value>
			<qti-value>choice_1588758614</qti-value>
			<qti-value>choice_1949835229</qti-value>
		</qti-correct-response>
	</qti-response-declaration>
	<qti-outcome-declaration identifier="SCORE" cardinality="single" base-type="float">
		<qti-default-value>
			<qti-value>0.0</qti-value>
		</qti-default-value>
	</qti-outcome-declaration>
	<qti-outcome-declaration identifier="MAXSCORE" cardinality="single" base-type="float">
		<qti-default-value>
			<qti-value>1.0</qti-value>
		</qti-default-value>
	</qti-outcome-declaration>
	<qti-outcome-declaration identifier="FEEDBACKBASIC" cardinality="single" base-type="identifier">
		<qti-default-value>
			<qti-value>empty</qti-value>
		</qti-default-value>
	</qti-outcome-declaration>
	<qti-item-body>
		<div><b>Was sind typische Signalwörter für das Present Perfect?</b></div>
		<qti-choice-interaction response-identifier="RESPONSE_17315993" shuffle="true" max-choices="0">
			<qti-simple-choice identifier="choice_1427918982">already </qti-simple-choice>
			<qti-simple-choice identifier="choice_45983420">at the moment</qti-simple-choice>
			<qti-simple-choice identifier="choice_1945125555">ever </qti-simple-choice>
			<qti-simple-choice identifier="choice_1588758614">just</qti-simple-choice>
			<qti-simple-choice identifier="choice_1961105062">last night</qti-simple-choice>
			<qti-simple-choice identifier="choice_469220139">usually</qti-simple-choice>
			<qti-simple-choice identifier="choice_1949835229">yet</qti-simple-choice>
		</qti-choice-interaction>
	</qti-item-body>
	<qti-response-processing>
		<qti-response-condition>
			<qti-response-if>
				<qti-is-null>
					<qti-variable identifier="RESPONSE_17315993"/>
				</qti-is-null>
				<qti-set-outcome-value identifier="FEEDBACKBASIC">
					<qti-base-value base-type="identifier">empty</qti-base-value>
				</qti-set-outcome-value>
			</qti-response-if>
			<qti-response-else-if>
				<qti-match>
					<qti-variable identifier="RESPONSE_17315993"/>
					<qti-correct identifier="RESPONSE_17315993"/>
				</qti-match>
				<qti-set-outcome-value identifier="SCORE">
					<qti-sum>
						<qti-variable identifier="SCORE"/>
						<qti-variable identifier="MAXSCORE"/>
					</qti-sum>
				</qti-set-outcome-value>
				<qti-set-outcome-value identifier="FEEDBACKBASIC">
					<qti-base-value base-type="identifier">correct</qti-base-value>
				</qti-set-outcome-value>
			</qti-response-else-if>
			<qti-response-else>
				<qti-set-outcome-value identifier="FEEDBACKBASIC">
					<qti-base-value base-type="identifier">incorrect</qti-base-value>
				</qti-set-outcome-value>
			</qti-response-else>
		</qti-response-condition>
	</qti-response-processing>
</qti-assessment-item>