<?xml version="1.0" encoding="UTF-8"?>
<!--This file was created using: Onyx Editor, Version 3.4 (Unregistered demo version), (c)2011 BPS Bildungsportal Sachsen GmbH (updated by hand Wednesday, 6 June 2012 19:58:06)-->
<imscp:manifest xmlns:imscp="http://www.imsglobal.org/xsd/qti/qtiv3p0/imscp_v1p1" xmlns:imsmd="http://ltsc.ieee.org/xsd/LOM" 
                xmlns:xsi="http://www.w3.org/2001/XMLSchema-instance" xmlns="http://www.imsglobal.org/xsd/qti/qtiv3p0/imscp_v1p1" 
                xsi:schemaLocation="http://www.imsglobal.org/xsd/imsqti_metadata_v3p0 https://purl.imsglobal.org/spec/qti/v3p0/schema/xsd/imsqti_metadatav3p0_v1p0.xsd http://ltsc.ieee.org/xsd/LOM https://purl.imsglobal.org/spec/md/v1p3/schema/xsd/imsmd_loose_v1p3p2.xsd http://www.imsglobal.org/xsd/qti/qtiv3p0/imscp_v1p1 https://purl.imsglobal.org/spec/qti/v3p0/schema/xsd/imsqtiv3p0_imscpv1p2_v1p0.xsd" 
                identifier="manifestID">
    <imscp:metadata>
        <imscp:schema>QTI Package</imscp:schema>
        <imscp:schemaversion>3.0.0</imscp:schemaversion>
    </imscp:metadata>
    <imscp:organizations/>
    <imscp:resources>
        <imscp:resource identifier="Test_258641331" type="imsqti_test_xmlv3p0" href="Test_258641331.xml">
            <imscp:metadata>
                <imsmd:lom>
                    <imsmd:general>
                        <imsmd:identifier>
                            <imsmd:entry>Test_258641331</imsmd:entry>
                        </imsmd:identifier>
                        <imsmd:title>
                            <imsmd:string>English exercises</imsmd:string>
                        </imsmd:title>
                        <imsmd:language>de</imsmd:language>
                    </imsmd:general>
                    <imsmd:educational/>
                    <imsmd:lifeCycle>
                        <imsmd:contribute>
                            <imsmd:role>
                                <imsmd:source>
                                    LOMv1.0
                                </imsmd:source>
                                <imsmd:value>
                                    author
                                </imsmd:value>
                            </imsmd:role>
                            <imsmd:entity>
                                BEGIN:VCARD VERSION:3.0 N:Winkelmann;Yvonne FN:Yvonne
                                Winkelmann ORG:BPS Bildungsportal Sachsen GmbH
                                URL:http://bps-system.de TITLE: TEL;TYPE=WORK,VOICE:
                                ADR;TYPE=intl,postal,parcel,work:;;;;;;EMAIL;TYPE=PREF,INTERNET:
                                END:VCARD
                            </imsmd:entity>
                        </imsmd:contribute>
                    </imsmd:lifeCycle>
                </imsmd:lom>
            </imscp:metadata>
            <imscp:file href="Test_258641331.xml"/>
            <imscp:dependency identifierref="A_403910368"/>
            <imscp:dependency identifierref="A_2140438487"/>
            <imscp:dependency identifierref="A_2121083126"/>
            <imscp:dependency identifierref="A_1925743812"/>
            <imscp:dependency identifierref="A_79197713"/>
            <imscp:dependency identifierref="BookstowriteSimplePast_265237402"/>
            <imscp:dependency identifierref="A_1845621905"/>
            <imscp:dependency identifierref="A_603808326"/>
            <imscp:dependency identifierref="A_104374830"/>
            <imscp:dependency identifierref="A_1724166344"/>
            <imscp:dependency identifierref="B_1312708806"/>
            <imscp:dependency identifierref="B_568428036"/>
            <imscp:dependency identifierref="B_2082409940"/>
            <imscp:dependency identifierref="B_1553271053"/>
            <imscp:dependency identifierref="B_426321584"/>
            <imscp:dependency identifierref="B_790429330"/>
            <imscp:dependency identifierref="B_110728156"/>
            <imscp:dependency identifierref="B_1992117307"/>
            <imscp:dependency identifierref="B_1541841167"/>
            <imscp:dependency identifierref="C_1990748733"/>
            <imscp:dependency identifierref="C2_748642656"/>
            <imscp:dependency identifierref="C3_2059910905"/>
            <imscp:dependency identifierref="C_1040094513"/>
            <imscp:dependency identifierref="C_1759289459"/>
            <imscp:dependency identifierref="BingoisplayedinBritain_1523210801"/>
            <imscp:dependency identifierref="Aletterwaswritten_1403975437"/>
            <imscp:dependency identifierref="C_837739994"/>
            <imscp:dependency identifierref="C_125080616"/>
            <imscp:dependency identifierref="D_1010823154"/>
            <imscp:dependency identifierref="D_1141014364"/>
            <imscp:dependency identifierref="D_235732284"/>
            <imscp:dependency identifierref="D_898920432"/>
            <imscp:dependency identifierref="D_525465264"/>
            <imscp:dependency identifierref="D_1973054364"/>
            <imscp:dependency identifierref="D_514842512"/>
            <imscp:dependency identifierref="D_1279631403"/>
            <imscp:dependency identifierref="D_479465969"/>
            <imscp:dependency identifierref="D_2051452460"/>
            <imscp:dependency identifierref="E_1171606219"/>
            <imscp:dependency identifierref="E_134048013"/>
            <imscp:dependency identifierref="E_1399904697"/>
            <imscp:dependency identifierref="E_889853140"/>
            <imscp:dependency identifierref="E_1884870891"/>
            <imscp:dependency identifierref="E_1493092933"/>
            <imscp:dependency identifierref="E_1477168682"/>
            <imscp:dependency identifierref="E_1570830319"/>
            <imscp:dependency identifierref="E_1362075109"/>
            <imscp:dependency identifierref="E_835678250"/>
            <imscp:dependency identifierref="F_1344365064"/>
            <imscp:dependency identifierref="F_521041065"/>
            <imscp:dependency identifierref="F_837664539"/>
            <imscp:dependency identifierref="F_1564647515"/>
        </imscp:resource>
        <imscp:resource identifier="A_403910368" type="imsqti_item_xmlv3p0" href="A_403910368.xml">
            <imscp:file href="A_403910368.xml"/>
        </imscp:resource>
        <imscp:resource identifier="A_2140438487" type="imsqti_item_xmlv3p0" href="A_2140438487.xml">
            <imscp:file href="A_2140438487.xml"/>
        </imscp:resource>
        <imscp:resource identifier="A_2121083126" type="imsqti_item_xmlv3p0" href="A_2121083126.xml">
            <imscp:file href="A_2121083126.xml"/>
        </imscp:resource>
        <imscp:resource identifier="A_1925743812" type="imsqti_item_xmlv3p0" href="A_1925743812.xml">
            <imscp:file href="A_1925743812.xml"/>
        </imscp:resource>
        <imscp:resource identifier="A_79197713" type="imsqti_item_xmlv3p0" href="A_79197713.xml">
            <imscp:file href="A_79197713.xml"/>
        </imscp:resource>
        <imscp:resource identifier="BookstowriteSimplePast_265237402" type="imsqti_item_xmlv3p0" href="A_265237402.xml">
            <imscp:file href="A_265237402.xml"/>
        </imscp:resource>
        <imscp:resource identifier="A_1845621905" type="imsqti_item_xmlv3p0" href="A_1845621905.xml">
            <imscp:file href="A_1845621905.xml"/>
        </imscp:resource>
        <imscp:resource identifier="A_603808326" type="imsqti_item_xmlv3p0" href="A_603808326.xml">
            <imscp:file href="A_603808326.xml"/>
        </imscp:resource>
        <imscp:resource identifier="A_104374830" type="imsqti_item_xmlv3p0" href="A_104374830.xml">
            <imscp:file href="A_104374830.xml"/>
        </imscp:resource>
        <imscp:resource identifier="A_1724166344" type="imsqti_item_xmlv3p0" href="A_1724166344.xml">
            <imscp:file href="A_1724166344.xml"/>
        </imscp:resource>
        <imscp:resource identifier="B_1312708806" type="imsqti_item_xmlv3p0" href="B_1312708806.xml">
            <imscp:file href="B_1312708806.xml"/>
        </imscp:resource>
        <imscp:resource identifier="B_568428036" type="imsqti_item_xmlv3p0" href="B_568428036.xml">
            <imscp:file href="B_568428036.xml"/>
        </imscp:resource>
        <imscp:resource identifier="B_2082409940" type="imsqti_item_xmlv3p0" href="B_2082409940.xml">
            <imscp:file href="B_2082409940.xml"/>
        </imscp:resource>
        <imscp:resource identifier="B_1553271053" type="imsqti_item_xmlv3p0" href="B_1553271053.xml">
            <imscp:file href="B_1553271053.xml"/>
        </imscp:resource>
        <imscp:resource identifier="B_426321584" type="imsqti_item_xmlv3p0" href="B_426321584.xml">
            <imscp:file href="B_426321584.xml"/>
        </imscp:resource>
        <imscp:resource identifier="B_790429330" type="imsqti_item_xmlv3p0" href="B_790429330.xml">
            <imscp:file href="B_790429330.xml"/>
        </imscp:resource>
        <imscp:resource identifier="B_110728156" type="imsqti_item_xmlv3p0" href="B_110728156.xml">
            <imscp:file href="B_110728156.xml"/>
        </imscp:resource>
        <imscp:resource identifier="B_1992117307" type="imsqti_item_xmlv3p0" href="B_1992117307.xml">
            <imscp:file href="B_1992117307.xml"/>
        </imscp:resource>
        <imscp:resource identifier="B_1541841167" type="imsqti_item_xmlv3p0" href="B_1541841167.xml">
            <imscp:file href="B_1541841167.xml"/>
        </imscp:resource>
        <imscp:resource identifier="C_1990748733" type="imsqti_item_xmlv3p0" href="C_1990748733.xml">
            <imscp:file href="C_1990748733.xml"/>
        </imscp:resource>
        <imscp:resource identifier="C2_748642656" type="imsqti_item_xmlv3p0" href="C_748642656.xml">
            <imscp:file href="C_748642656.xml"/>
        </imscp:resource>
        <imscp:resource identifier="C3_2059910905" type="imsqti_item_xmlv3p0" href="C_2059910905.xml">
            <imscp:file href="C_2059910905.xml"/>
        </imscp:resource>
        <imscp:resource identifier="C_1040094513" type="imsqti_item_xmlv3p0" href="C_1040094513.xml">
            <imscp:file href="C_1040094513.xml"/>
        </imscp:resource>
        <imscp:resource identifier="C_1759289459" type="imsqti_item_xmlv3p0" href="C_1759289459.xml">
            <imscp:file href="C_1759289459.xml"/>
        </imscp:resource>
        <imscp:resource identifier="BingoisplayedinBritain_1523210801" type="imsqti_item_xmlv3p0" href="C_1523210801.xml">
            <imscp:file href="C_1523210801.xml"/>
        </imscp:resource>
        <imscp:resource identifier="Aletterwaswritten_1403975437" type="imsqti_item_xmlv3p0" href="C_1403975437.xml">
            <imscp:file href="C_1403975437.xml"/>
        </imscp:resource>
        <imscp:resource identifier="C_837739994" type="imsqti_item_xmlv3p0" href="C_837739994.xml">
            <imscp:file href="C_837739994.xml"/>
        </imscp:resource>
        <imscp:resource identifier="C_125080616" type="imsqti_item_xmlv3p0" href="C_125080616.xml">
            <imscp:file href="C_125080616.xml"/>
        </imscp:resource>
        <imscp:resource identifier="D_1010823154" type="imsqti_item_xmlv3p0" href="D_1010823154.xml">
            <imscp:file href="D_1010823154.xml"/>
        </imscp:resource>
        <imscp:resource identifier="D_1141014364" type="imsqti_item_xmlv3p0" href="D_1141014364.xml">
            <imscp:file href="D_1141014364.xml"/>
        </imscp:resource>
        <imscp:resource identifier="D_235732284" type="imsqti_item_xmlv3p0" href="D_235732284.xml">
            <imscp:file href="D_235732284.xml"/>
        </imscp:resource>
        <imscp:resource identifier="D_898920432" type="imsqti_item_xmlv3p0" href="D_898920432.xml">
            <imscp:file href="D_898920432.xml"/>
        </imscp:resource>
        <imscp:resource identifier="D_525465264" type="imsqti_item_xmlv3p0" href="D_525465264.xml">
            <imscp:file href="D_525465264.xml"/>
        </imscp:resource>
        <imscp:resource identifier="D_1973054364" type="imsqti_item_xmlv3p0" href="D_1973054364.xml">
            <imscp:file href="D_1973054364.xml"/>
        </imscp:resource>
        <imscp:resource identifier="D_514842512" type="imsqti_item_xmlv3p0" href="D_514842512.xml">
            <imscp:file href="D_514842512.xml"/>
        </imscp:resource>
        <imscp:resource identifier="D_1279631403" type="imsqti_item_xmlv3p0" href="D_1279631403.xml">
            <imscp:file href="D_1279631403.xml"/>
        </imscp:resource>
        <imscp:resource identifier="D_479465969" type="imsqti_item_xmlv3p0" href="D_479465969.xml">
            <imscp:file href="D_479465969.xml"/>
        </imscp:resource>
        <imscp:resource identifier="D_2051452460" type="imsqti_item_xmlv3p0" href="D_2051452460.xml">
            <imscp:file href="D_2051452460.xml"/>
        </imscp:resource>
        <imscp:resource identifier="E_1171606219" type="imsqti_item_xmlv3p0" href="E_1171606219.xml">
            <imscp:file href="E_1171606219.xml"/>
        </imscp:resource>
        <imscp:resource identifier="E_134048013" type="imsqti_item_xmlv3p0" href="E_134048013.xml">
            <imscp:file href="E_134048013.xml"/>
        </imscp:resource>
        <imscp:resource identifier="E_1399904697" type="imsqti_item_xmlv3p0" href="E_1399904697.xml">
            <imscp:file href="E_1399904697.xml"/>
        </imscp:resource>
        <imscp:resource identifier="E_889853140" type="imsqti_item_xmlv3p0" href="E_889853140.xml">
            <imscp:file href="E_889853140.xml"/>
        </imscp:resource>
        <imscp:resource identifier="E_1884870891" type="imsqti_item_xmlv3p0" href="E_1884870891.xml">
            <imscp:file href="E_1884870891.xml"/>
        </imscp:resource>
        <imscp:resource identifier="E_1493092933" type="imsqti_item_xmlv3p0" href="E_1493092933.xml">
            <imscp:file href="E_1493092933.xml"/>
        </imscp:resource>
        <imscp:resource identifier="E_1477168682" type="imsqti_item_xmlv3p0" href="E_1477168682.xml">
            <imscp:file href="E_1477168682.xml"/>
        </imscp:resource>
        <imscp:resource identifier="E_1570830319" type="imsqti_item_xmlv3p0" href="E_1570830319.xml">
            <imscp:file href="E_1570830319.xml"/>
        </imscp:resource>
        <imscp:resource identifier="E_1362075109" type="imsqti_item_xmlv3p0" href="E_1362075109.xml">
            <imscp:file href="E_1362075109.xml"/>
        </imscp:resource>
        <imscp:resource identifier="E_835678250" type="imsqti_item_xmlv3p0" href="E_835678250.xml">
            <imscp:file href="E_835678250.xml"/>
        </imscp:resource>
        <imscp:resource identifier="F_1344365064" type="imsqti_item_xmlv3p0" href="F_1344365064.xml">
            <imscp:file href="F_1344365064.xml"/>
        </imscp:resource>
        <imscp:resource identifier="F_521041065" type="imsqti_item_xmlv3p0" href="F_521041065.xml">
            <imscp:file href="F_521041065.xml"/>
        </imscp:resource>
        <imscp:resource identifier="F_837664539" type="imsqti_item_xmlv3p0" href="F_837664539.xml">
            <imscp:file href="F_837664539.xml"/>
        </imscp:resource>
        <imscp:resource identifier="F_1564647515" type="imsqti_item_xmlv3p0" href="F_1564647515.xml">
            <imscp:file href="F_1564647515.xml"/>
        </imscp:resource>
    </imscp:resources>
</imscp:manifest>