<?xml version="1.0" encoding="UTF-8"?>
<qti-assessment-item xmlns="http://www.imsglobal.org/xsd/imsqtiasi_v3p0"
xmlns:xsi="http://www.w3.org/2001/XMLSchema-instance"
xsi:schemaLocation="http://www.imsglobal.org/xsd/imsqtiasi_v3p0
https://purl.imsglobal.org/spec/qti/v3p0/schema/xsd/imsqti_asiv3p0p1_v1p0.xsd"
identifier="CatalogsAcrossContentNodes" title="Catalogs Across Content Nodes"
xml:lang="en-US" time-dependent="false">
  <qti-response-declaration identifier="RESPONSE" cardinality="multiple" base-type="identifier">
    <qti-correct-response>
      <qti-value>QTI</qti-value>
      <qti-value>AfA</qti-value>
    </qti-correct-response>
  </qti-response-declaration>
  <qti-outcome-declaration identifier="SCORE" cardinality="single" base-type="float"/>
  <qti-item-body>


    <qti-rubric-block view="candidate" use="instructions">
      <qti-content-body>
        <div id="choice_directions">
        <p data-catalog-idref="i123_rb1_cat1">Choose the option that best answers the question.</p>
        </div>
    </qti-content-body>
      
<!-- A rubric block contains its own qti-catalog-info node  -->     
      <qti-catalog-info>
        <qti-catalog id="i123_rb1_cat1">
          <qti-card support="keyword-translation">
            <qti-card-entry xml:lang="es">
              <qti-html-content> Elija la opción que mejor responda la pregunta.</qti-html-content>
            </qti-card-entry>
            <qti-card-entry xml:lang="de">
              <qti-html-content>Wählen Sie die Option, die die Frage am besten beantwortet.
              </qti-html-content>
            </qti-card-entry>
          </qti-card>
        </qti-catalog>
      </qti-catalog-info>
    
    </qti-rubric-block>


    <qti-choice-interaction response-identifier="RESPONSE" min-choices="1" max-choices="3">
        <qti-prompt id="prompt1">Indicate which of the following statements are 
          <span data-catalog-idref="catalog1">accurate.</span></qti-prompt>
        <qti-simple-choice identifier="QTI">QTI is an initialism for 
          Question and Test Interoperability.</qti-simple-choice>
        <qti-simple-choice identifier="PCI">PCI stands for Personal Care Information.</qti-simple-choice>
        <qti-simple-choice identifier="AfA">AfA stands for Access for All.</qti-simple-choice>
    </qti-choice-interaction>
  </qti-item-body>

  <qti-catalog-info>
    <qti-catalog id="catalog1">
      <qti-card support="keyword-translation">
          <qti-card-entry xml:lang="es">
            <qti-html-content>preciso</qti-html-content>
          </qti-card-entry>
          <qti-card-entry xml:lang="de">
            <qti-html-content>genau</qti-html-content>
          </qti-card-entry>
      </qti-card>
    </qti-catalog>
  </qti-catalog-info>
  <qti-response-processing template="https://purl.imsglobal.org/spec/qti/v3p0/rptemplates/match_correct"/>
</qti-assessment-item>