<?xml version="1.0" encoding="UTF-8"?>
<qti-assessment-item xmlns="http://www.imsglobal.org/xsd/imsqtiasi_v3p0" 
xmlns:xsi="http://www.w3.org/2001/XMLSchema-instance" 
xsi:schemaLocation="http://www.imsglobal.org/xsd/imsqtiasi_v3p0 
https://purl.imsglobal.org/spec/qti/v3p0/schema/xsd/imsqti_asiv3p0p1_v1p0.xsd"
identifier="media-example-1" title="Media Interaction Example" 
adaptive="false" time-dependent="false" xml:lang="en-US" >
  <qti-response-declaration base-type="integer" cardinality="single" identifier="RESPONSE_1"/>
  <qti-item-body>
    <qti-media-interaction autostart="false" loop="false" response-identifier="RESPONSE_1"
    max-plays="3" >
      <qti-prompt>Play this video.</qti-prompt>
      <video width="320" height="240" >
        <source src="images/bubble.mp4" type="video/mp4"/>
        <source src="images/bubble.ogv" type="video/ogv"/>
      </video>
    </qti-media-interaction>
  </qti-item-body>
</qti-assessment-item>