<?xml version="1.0" encoding="UTF-8"?>
<qti-assessment-item xmlns="http://www.imsglobal.org/xsd/imsqtiasi_v3p0"
  xmlns:xsi="http://www.w3.org/2001/XMLSchema-instance"
  xsi:schemaLocation="http://www.imsglobal.org/xsd/imsqtiasi_v3p0
  https://purl.imsglobal.org/spec/qti/v3p0/schema/xsd/imsqti_asiv3p0p1_v1p0.xsd"
  identifier="QTI3-hotspot" title="hotspot" time-dependent="false" xml:lang="en-US">
  <qti-response-declaration identifier="RESPONSE" cardinality="single" base-type="identifier">
      <qti-correct-response>
        <qti-value>H</qti-value>
      </qti-correct-response>
  </qti-response-declaration>
  <qti-outcome-declaration identifier="SCORE" cardinality="single" base-type="float" />
  <qti-item-body>
  <p>The picture illustrates four of the most popular lighthouses on outer Cape Cod, Massachusetts: 
   Chatham Lighthouse, Highland Lighthouse, Nauset Lighthouse, and Race Point Lighthouse.</p>
    <qti-hotspot-interaction response-identifier="RESPONSE" max-choices="1">
      <qti-prompt>Which one is Highland Lighthouse?</qti-prompt>
      <img src="images/map_cape_cod.svg"  width="700"  height="550" 
       alt="a map of Cape Cod Massachusetts with 4 lighthouse icons distributed on the outer Cape" />
        <qti-hotspot-choice identifier="R" shape="circle" coords="418,29,40" />
        <qti-hotspot-choice identifier="H" shape="circle" coords="546,56,40" />
        <qti-hotspot-choice identifier="N" shape="circle" coords="596,182,40" />
        <qti-hotspot-choice identifier="C" shape="circle" coords="598,316,40" />
    </qti-hotspot-interaction>
  </qti-item-body>
  <qti-response-processing 
   template="https://purl.imsglobal.org/spec/qti/v3p0/rptemplates/match_correct.xml"/>
</qti-assessment-item>