<?xml version="1.0" encoding="UTF-8"?>
<!-- This example adapted from the PET Handbook, copyright University of Cambridge ESOL Examinations -->
<!-- The example combines shuffle with the fixation of one simpleChoice in place -->
<!-- Ruby markup is defined in NS hq5 (HTML5 for QTI), which is referenced in the main QTI 2.2 XSD -->

<qti-assessment-item xmlns="http://www.imsglobal.org/xsd/imsqtiasi_v3p0" 
xmlns:xsi="http://www.w3.org/2001/XMLSchema-instance" 
xsi:schemaLocation=" http://www.imsglobal.org/xsd/imsqtiasi_v3p0 
https://purl.imsglobal.org/spec/qti/v3p0/schema/xsd/imsqti_asiv3p0p1_v1p0.xsd" 
identifier="choice_ruby" title="出身地" 
adaptive="false" time-dependent="false" xml:lang="ja" >
  <qti-response-declaration identifier="RESPONSE" cardinality="single" base-type="identifier">
    <qti-correct-response>
      <qti-value>ChoiceHK</qti-value>
    </qti-correct-response>
  </qti-response-declaration>
  <qti-outcome-declaration identifier="SCORE" cardinality="single" base-type="float">
    <qti-default-value>
      <qti-value>0</qti-value>
    </qti-default-value>
  </qti-outcome-declaration>
  <qti-item-body>
    <p>村田<ruby><rb>真</rb><rt>まこと</rt></ruby>の出身地はどこですか</p>
    <qti-choice-interaction response-identifier="RESPONSE" max-choices="1" class="qti-labels-cjk-ideographic" >
      <qti-prompt>選びなさい</qti-prompt>
      <qti-simple-choice identifier="ChoiceHK"><ruby><rb>北海道</rb><rt>ほっかいどう</rt></ruby></qti-simple-choice>
      <qti-simple-choice identifier="ChoiceTH">東北</qti-simple-choice>
      <qti-simple-choice identifier="ChoiceHR">北陸</qti-simple-choice>
      <qti-simple-choice identifier="ChoiceKT">関東</qti-simple-choice>
      <qti-simple-choice identifier="ChoiceKST">甲信越</qti-simple-choice>
      <qti-simple-choice identifier="ChoiceKK">近畿</qti-simple-choice>
      <qti-simple-choice identifier="ChoiceKS">関西</qti-simple-choice>
      <qti-simple-choice identifier="ChoiceSK">四国</qti-simple-choice>
      <qti-simple-choice identifier="ChoiceTC">中国</qti-simple-choice>
      <qti-simple-choice identifier="ChoiceKY">九州</qti-simple-choice>
    </qti-choice-interaction>
  </qti-item-body>
  <qti-response-processing 
   template="https://www.imsglobal.org/question/qti_v3p0/rptemplates/match_correct.xml"/>
</qti-assessment-item>