<?xml version="1.0" encoding="UTF-8"?>
<qti-assessment-item 
xmlns="http://www.imsglobal.org/xsd/imsqtiasi_v3p0" 
xmlns:xsi="http://www.w3.org/2001/XMLSchema-instance" 
xsi:schemaLocation="http://www.imsglobal.org/xsd/imsqtiasi_v3p0 
https://purl.imsglobal.org/spec/qti/v3p0/schema/xsd/imsqti_asiv3p0p1_v1p0.xsd"
identifier="slider-1" title="Slider Interaction – Water" 
adaptive="false" time-dependent="false" xml:lang="en-US" >
  <qti-response-declaration identifier="RESPONSE" cardinality="single" base-type="integer">
    <qti-correct-response>
      <qti-value>70</qti-value>
    </qti-correct-response>
  </qti-response-declaration>
  <qti-outcome-declaration identifier="SCORE" cardinality="single" base-type="float"/>
  <qti-item-body>
    <qti-slider-interaction response-identifier="RESPONSE" 
    lower-bound="0" upper-bound="100" step="10" orientation="horizontal" >
      <qti-prompt>
      Roughly (to the nearest 10%) what percentage of the Earth's surface 
      is covered in water?
      </qti-prompt>
    </qti-slider-interaction>
  </qti-item-body>
  <qti-response-processing 
  template="https://purl.imsglobal.org/spec/qti/v3p0/rptemplates/map_response.xml"/>
</qti-assessment-item>