<?xml version="1.0" encoding="UTF-8"?>
<qti-assessment-item xmlns="http://www.imsglobal.org/xsd/imsqtiasi_v3p0" xmlns:xsi="http://www.w3.org/2001/XMLSchema-instance" xsi:schemaLocation="http://www.imsglobal.org/xsd/imsqtiasi_v3p0 https://purl.imsglobal.org/spec/qti/v3p0/schema/xsd/imsqti_asiv3p0_v1p0.xsd" identifier="qti3-choice-multiple-03" title="Composition of Water qti3 - max/min Choices Messages" adaptive="false" time-dependent="false">
	<qti-response-declaration identifier="RESPONSE1" cardinality="multiple" base-type="identifier"/>
	<qti-response-declaration identifier="RESPONSE2" cardinality="multiple" base-type="identifier"/>
	<qti-response-declaration identifier="RESPONSE3" cardinality="multiple" base-type="identifier"/>
	<qti-outcome-declaration identifier="SCORE" cardinality="single" base-type="float"/>
	<qti-item-body>
		<p>Which of the following elements are used to form water?</p>
		
		<!-- Stacking specified here only to compress the presentation of the 6 choices -->
		<qti-choice-interaction class="qti-choices-stacking-3" data-max-selections-message="You've selected too many!" response-identifier="RESPONSE1" shuffle="true" max-choices="2">
			<qti-prompt>Demonstrates max-choices="2" and custom <em>data-max-selections-message</em>.</qti-prompt>
			<qti-simple-choice identifier="H" fixed="false">Hydrogen</qti-simple-choice>
			<qti-simple-choice identifier="He" fixed="false">Helium</qti-simple-choice>
			<qti-simple-choice identifier="C" fixed="false">Carbon</qti-simple-choice>
			<qti-simple-choice identifier="O" fixed="false">Oxygen</qti-simple-choice>
			<qti-simple-choice identifier="N" fixed="false">Nitrogen</qti-simple-choice>
			<qti-simple-choice identifier="Cl" fixed="false">Chlorine</qti-simple-choice>
		</qti-choice-interaction>

		<!-- Stacking specified here only to compress the presentation of the 6 choices -->		
		<qti-choice-interaction class="qti-choices-stacking-3" response-identifier="RESPONSE2" shuffle="true" max-choices="2">
			<qti-prompt>Demonstrates max-choices="2" and default/system Max Selections Message.</qti-prompt>
			<qti-simple-choice identifier="H" fixed="false">Hydrogen</qti-simple-choice>
			<qti-simple-choice identifier="He" fixed="false">Helium</qti-simple-choice>
			<qti-simple-choice identifier="C" fixed="false">Carbon</qti-simple-choice>
			<qti-simple-choice identifier="O" fixed="false">Oxygen</qti-simple-choice>
			<qti-simple-choice identifier="N" fixed="false">Nitrogen</qti-simple-choice>
			<qti-simple-choice identifier="Cl" fixed="false">Chlorine</qti-simple-choice>
		</qti-choice-interaction>

		<!-- Stacking specified here only to compress the presentation of the 6 choices -->		
		<qti-choice-interaction class="qti-choices-stacking-3" data-min-selections-message="Not enough selected! Please select at least two." response-identifier="RESPONSE3" shuffle="true" max-choices="0" min-choices="2">
			<qti-prompt>Demonstrates min-choices="2" and custom <em>data-min-selections-message</em>.</qti-prompt>
			<qti-simple-choice identifier="H" fixed="false">Hydrogen</qti-simple-choice>
			<qti-simple-choice identifier="He" fixed="false">Helium</qti-simple-choice>
			<qti-simple-choice identifier="C" fixed="false">Carbon</qti-simple-choice>
			<qti-simple-choice identifier="O" fixed="false">Oxygen</qti-simple-choice>
			<qti-simple-choice identifier="N" fixed="false">Nitrogen</qti-simple-choice>
			<qti-simple-choice identifier="Cl" fixed="false">Chlorine</qti-simple-choice>
		</qti-choice-interaction>
		
	</qti-item-body>
</qti-assessment-item>