<?xml version="1.0" encoding="UTF-8"?>
<qti-assessment-item xmlns="http://www.imsglobal.org/xsd/imsqtiasi_v3p0" xmlns:xsi="http://www.w3.org/2001/XMLSchema-instance" xsi:schemaLocation="http://www.imsglobal.org/xsd/imsqtiasi_v3p0 https://purl.imsglobal.org/spec/qti/v3p0/schema/xsd/imsqti_asiv3p0_v1p0.xsd" identifier="qti3-choice-multiple-02" title="Composition of Water qti3 - stacking / orientation options" adaptive="false" time-dependent="false">
	<qti-response-declaration identifier="RESPONSE1" cardinality="multiple" base-type="identifier"/>
	<qti-response-declaration identifier="RESPONSE2" cardinality="multiple" base-type="identifier"/>
	<qti-response-declaration identifier="RESPONSE3" cardinality="multiple" base-type="identifier"/>
	<qti-response-declaration identifier="RESPONSE4" cardinality="multiple" base-type="identifier"/>
	<qti-response-declaration identifier="RESPONSE5" cardinality="multiple" base-type="identifier"/>
	<qti-response-declaration identifier="RESPONSE6" cardinality="multiple" base-type="identifier"/>
	<qti-response-declaration identifier="RESPONSE7" cardinality="multiple" base-type="identifier"/>
	<qti-response-declaration identifier="RESPONSE8" cardinality="multiple" base-type="identifier"/>
	<qti-response-declaration identifier="RESPONSE9" cardinality="multiple" base-type="identifier"/>
	<qti-outcome-declaration identifier="SCORE" cardinality="single" base-type="float"/>
	<qti-item-body>
		<p>Which of the following elements are used to form water?</p>
		
		<qti-choice-interaction class="qti-choices-stacking-5" response-identifier="RESPONSE1" shuffle="true" max-choices="0">
			<qti-prompt>Demonstrates <em>qti-choices-stacking-5</em>.</qti-prompt>
			<qti-simple-choice identifier="H" fixed="false">Hydrogen</qti-simple-choice>
			<qti-simple-choice identifier="He" fixed="false">Helium</qti-simple-choice>
			<qti-simple-choice identifier="C" fixed="false">Carbon</qti-simple-choice>
			<qti-simple-choice identifier="O" fixed="false">Oxygen</qti-simple-choice>
			<qti-simple-choice identifier="N" fixed="false">Nitrogen</qti-simple-choice>
			<qti-simple-choice identifier="Cl" fixed="false">Chlorine</qti-simple-choice>
		</qti-choice-interaction>
		
		<qti-choice-interaction class="qti-choices-stacking-4" response-identifier="RESPONSE2" shuffle="true" max-choices="0">
			<qti-prompt>Demonstrates <em>qti-choices-stacking-4</em>.</qti-prompt>
			<qti-simple-choice identifier="H" fixed="false">Hydrogen</qti-simple-choice>
			<qti-simple-choice identifier="He" fixed="false">Helium</qti-simple-choice>
			<qti-simple-choice identifier="C" fixed="false">Carbon</qti-simple-choice>
			<qti-simple-choice identifier="O" fixed="false">Oxygen</qti-simple-choice>
			<qti-simple-choice identifier="N" fixed="false">Nitrogen</qti-simple-choice>
			<qti-simple-choice identifier="Cl" fixed="false">Chlorine</qti-simple-choice>
		</qti-choice-interaction>
		
		<qti-choice-interaction class="qti-choices-stacking-3" response-identifier="RESPONSE3" shuffle="true" max-choices="0">
			<qti-prompt>Demonstrates <em>qti-choices-stacking-3</em>.</qti-prompt>
			<qti-simple-choice identifier="H" fixed="false">Hydrogen</qti-simple-choice>
			<qti-simple-choice identifier="He" fixed="false">Helium</qti-simple-choice>
			<qti-simple-choice identifier="C" fixed="false">Carbon</qti-simple-choice>
			<qti-simple-choice identifier="O" fixed="false">Oxygen</qti-simple-choice>
			<qti-simple-choice identifier="N" fixed="false">Nitrogen</qti-simple-choice>
			<qti-simple-choice identifier="Cl" fixed="false">Chlorine</qti-simple-choice>
		</qti-choice-interaction>
		
		<qti-choice-interaction class="qti-choices-stacking-2" response-identifier="RESPONSE4" shuffle="true" max-choices="0">
			<qti-prompt>Demonstrates <em>qti-choices-stacking-2</em>.</qti-prompt>
			<qti-simple-choice identifier="H" fixed="false">Hydrogen</qti-simple-choice>
			<qti-simple-choice identifier="He" fixed="false">Helium</qti-simple-choice>
			<qti-simple-choice identifier="C" fixed="false">Carbon</qti-simple-choice>
			<qti-simple-choice identifier="O" fixed="false">Oxygen</qti-simple-choice>
			<qti-simple-choice identifier="N" fixed="false">Nitrogen</qti-simple-choice>
			<qti-simple-choice identifier="Cl" fixed="false">Chlorine</qti-simple-choice>
		</qti-choice-interaction>
		
		<qti-choice-interaction class="qti-choices-stacking-1" response-identifier="RESPONSE5" shuffle="true" max-choices="0">
			<qti-prompt>Demonstrates <em>qti-choices-stacking-1</em>.</qti-prompt>
			<qti-simple-choice identifier="H" fixed="false">Hydrogen</qti-simple-choice>
			<qti-simple-choice identifier="He" fixed="false">Helium</qti-simple-choice>
			<qti-simple-choice identifier="C" fixed="false">Carbon</qti-simple-choice>
			<qti-simple-choice identifier="O" fixed="false">Oxygen</qti-simple-choice>
			<qti-simple-choice identifier="N" fixed="false">Nitrogen</qti-simple-choice>
			<qti-simple-choice identifier="Cl" fixed="false">Chlorine</qti-simple-choice>
		</qti-choice-interaction>		

		<qti-choice-interaction class="qti-choices-stacking-2 qti-orientation-horizontal" response-identifier="RESPONSE6" shuffle="true" max-choices="0">
			<qti-prompt>Demonstrates <em>qti-choices-stacking-2 and qti-orientation-horizontal</em>.</qti-prompt>
			<qti-simple-choice identifier="H" fixed="false">Hydrogen</qti-simple-choice>
			<qti-simple-choice identifier="He" fixed="false">Helium</qti-simple-choice>
			<qti-simple-choice identifier="C" fixed="false">Carbon</qti-simple-choice>
			<qti-simple-choice identifier="O" fixed="false">Oxygen</qti-simple-choice>
			<qti-simple-choice identifier="N" fixed="false">Nitrogen</qti-simple-choice>
			<qti-simple-choice identifier="Cl" fixed="false">Chlorine</qti-simple-choice>
		</qti-choice-interaction>
		
		<qti-choice-interaction class="qti-choices-stacking-3 qti-orientation-horizontal" response-identifier="RESPONSE7" shuffle="true" max-choices="0">
			<qti-prompt>Demonstrates <em>qti-choices-stacking-3 and qti-orientation-horizontal</em>.</qti-prompt>
			<qti-simple-choice identifier="H" fixed="false">Hydrogen</qti-simple-choice>
			<qti-simple-choice identifier="He" fixed="false">Helium</qti-simple-choice>
			<qti-simple-choice identifier="C" fixed="false">Carbon</qti-simple-choice>
			<qti-simple-choice identifier="O" fixed="false">Oxygen</qti-simple-choice>
			<qti-simple-choice identifier="N" fixed="false">Nitrogen</qti-simple-choice>
			<qti-simple-choice identifier="Cl" fixed="false">Chlorine</qti-simple-choice>
		</qti-choice-interaction>
		
		<qti-choice-interaction class="qti-choices-stacking-2 qti-orientation-vertical" response-identifier="RESPONSE8" shuffle="true" max-choices="0">
			<qti-prompt>Demonstrates <em>qti-choices-stacking-2 and qti-orientation-vertical</em>.</qti-prompt>
			<qti-simple-choice identifier="H" fixed="false">Hydrogen</qti-simple-choice>
			<qti-simple-choice identifier="He" fixed="false">Helium</qti-simple-choice>
			<qti-simple-choice identifier="C" fixed="false">Carbon</qti-simple-choice>
			<qti-simple-choice identifier="O" fixed="false">Oxygen</qti-simple-choice>
			<qti-simple-choice identifier="N" fixed="false">Nitrogen</qti-simple-choice>
			<qti-simple-choice identifier="Cl" fixed="false">Chlorine</qti-simple-choice>
		</qti-choice-interaction>
		
		<qti-choice-interaction class="qti-choices-stacking-3 qti-orientation-vertical" response-identifier="RESPONSE9" shuffle="true" max-choices="0">
			<qti-prompt>Demonstrates <em>qti-choices-stacking-3 and qti-orientation-vertical</em>.</qti-prompt>
			<qti-simple-choice identifier="H" fixed="false">Hydrogen</qti-simple-choice>
			<qti-simple-choice identifier="He" fixed="false">Helium</qti-simple-choice>
			<qti-simple-choice identifier="C" fixed="false">Carbon</qti-simple-choice>
			<qti-simple-choice identifier="O" fixed="false">Oxygen</qti-simple-choice>
			<qti-simple-choice identifier="N" fixed="false">Nitrogen</qti-simple-choice>
			<qti-simple-choice identifier="Cl" fixed="false">Chlorine</qti-simple-choice>
		</qti-choice-interaction>
		
	</qti-item-body>
</qti-assessment-item>