<?xml version="1.0" encoding="UTF-8"?><assessmentItem xmlns="http://www.imsglobal.org/xsd/imsqti_v2p2" xmlns:html5="html5" xmlns:pci="http://www.imsglobal.org/xsd/portableCustomInteraction" xmlns:xsi="http://www.w3.org/2001/XMLSchema-instance" adaptive="false" identifier="JL435359" timeDependent="false" title="MCSS" toolName="IBIS Export" toolVersion="1.0" xsi:schemaLocation="http://www.imsglobal.org/xsd/imsqti_v2p2 http://www.imsglobal.org/xsd/qti/qtiv2p2/imsqti_v2p2p2.xsd http://www.imsglobal.org/xsd/imsqtiasi_v3p0 https://purl.imsglobal.org/spec/qti/v3p0/schema/xsd/imsqti_asiv3p0_v1p0.xsd"><responseDeclaration baseType="identifier" cardinality="single" identifier="RESPONSE"><correctResponse><value>i1</value></correctResponse></responseDeclaration><responseDeclaration cardinality="record" identifier="RESPONSE_JL435359_1">
  <correctResponse>
    <value baseType="string" fieldIdentifier="response">40,60,80,90,110,1,green,box 3</value>
  </correctResponse>
</responseDeclaration><outcomeDeclaration baseType="float" cardinality="single" identifier="SCORE" normalMaximum="1"><defaultValue><value>0</value></defaultValue></outcomeDeclaration><templateDeclaration baseType="string" cardinality="single" class="behavior-getglobal-GLOBAL_JL435359_1,behavior-setdata-RESPONSE_JL435359_1" identifier="TEMPLATE_JL435359_1"/><itemBody class="ets-pgmCde:WST ets-tstCde:E03 ets-msrCde:123 etsmcd01fmt ets-style_option_CAL-LB-SD-C1"><div class="qti-layout-row"><div class="qti-layout-col12"><div class="ets-stimulus_reference"><div class="ets-interactive"><customInteraction class="tei-pci" data-pci-height="600px" data-pci-width="800px" responseIdentifier="RESPONSE_JL435359_1">
    <pci:portableCustomInteraction customInteractionTypeIdentifier="ets.org:pci:TestletSimulation">
      <pci:responseSchema href="http://imsglobal.org/schema/json/v1.0/response.json"/>
      <pci:properties>
        <pci:property key="prompt">Use the following BoxAndWhisker to answer the question...</pci:property>
        <pci:property key="params">
            {
              "params":{
                "version": "2.0.0",
                "itemName": "BoxAndWhisker",
                "itemType": "iic",
                "nativeWidth": "800",
                "nativeHeight": "600",
                "scalable": "off",
                "enableReset": "true",
                "resetText": "Reset",
                "enableUndo": "true",
                "undoText": "Undo",
                "enableSourceContainer": "on",
                "graphSizeMin": "0",
                "graphSizeMax": "140",
                "graphFontSize": "24",
                "xAxisLabelFontSize": "24",
                "maxNumberOfBoxes": "3",
                "numberOfBoxes": "2",
                "allowInitialBoxesDeletion": "no",
                "initialBoxes": "40,60,80,90,110,2/10,20,40,60,80,3",
                "lockBox": "0,0,0,0,0,0/0,0,0,0,0,0",
                "boxHeight": "40",
                "labels": "box 1,box 2,box 3,box 4,box 5,box 6,box 7",
                "LabelPostion": "bottom",
                "Title": "Box and whisker 4",
                "titleFontSize": "24",
                "axisLabel": "Axis Label",
                "majorLineMarks": "2",
                "incrementScale": "10",
                "controlPointDisplay": "on",
                "controlPointDisplayPosition": "top",
                "controlPointRadius": "25",
                "tabletDisplay": "off",
                "tabletDisplayPosition": "left",
                "removeText": "Release to delete"
              }
            }
        </pci:property>
      </pci:properties>
      
      <pci:markup>
        <div class="BoxAndWhisker" id="ets-org-pci-baw00001-container">
          <div id="ets-org-pci-baw00001-container_prompt"/>
          <div class="ets-interaction-line default" id="ets-org-pci-baw00001-container_canvas"/>
        </div>
      </pci:markup>
      
      <pci:modules>
        <pci:module fallbackPath="../../../BoxAndWhisker_PCISimulation/modules/interactiveBridge.js" id="Bridge" primaryPath="../../../BoxAndWhisker_PCISimulation/modules/interactiveBridge.js"/>
        <pci:module fallbackPath="../../../BoxAndWhisker_PCISimulation/modules/box-and-whisker.js" id="SimulationRuntime" primaryPath="../../../BoxAndWhisker_PCISimulation/modules/box-and-whisker.js"/>
        <pci:module fallbackPath="../../../BoxAndWhisker_PCISimulation/modules/box-and-whisker-css.js" id="ETS_SIM_CSS" primaryPath="../../../BoxAndWhisker_PCISimulation/modules/box-and-whisker-css.js"/>
      </pci:modules>
    </pci:portableCustomInteraction>
  </customInteraction></div></div><div class="ets-prompt"><p class="ets-stem_paragraph">Stem text</p></div><choiceInteraction class="ets-choice_list qti-orientation-vertical" data-ets-max_choices="1" maxChoices="1" minChoices="1" responseIdentifier="RESPONSE" shuffle="false"><simpleChoice class="ets-block_choice" data-ets-baseline="0" identifier="i1"><p class="ets-choice_paragraph">Text</p></simpleChoice><simpleChoice class="ets-block_choice" data-ets-baseline="0" identifier="i2"><p class="ets-choice_paragraph">Text</p></simpleChoice><simpleChoice class="ets-block_choice" data-ets-baseline="0" identifier="i3"><p class="ets-choice_paragraph">Text</p></simpleChoice><simpleChoice class="ets-block_choice" data-ets-baseline="0" identifier="i4"><p class="ets-choice_paragraph">Text</p></simpleChoice></choiceInteraction></div></div></itemBody><responseProcessing><responseCondition><responseIf><isNull><variable identifier="RESPONSE"/></isNull><setOutcomeValue identifier="SCORE"><baseValue baseType="float">0.00</baseValue></setOutcomeValue></responseIf><responseElseIf><match><variable identifier="RESPONSE"/><correct identifier="RESPONSE"/></match><setOutcomeValue identifier="SCORE"><baseValue baseType="float">1</baseValue></setOutcomeValue></responseElseIf><responseElse><setOutcomeValue identifier="SCORE"><baseValue baseType="float">0.00</baseValue></setOutcomeValue></responseElse></responseCondition></responseProcessing></assessmentItem>