<?xml version="1.0" encoding="UTF-8"?>
<qti-assessment-item xmlns="http://www.imsglobal.org/xsd/imsqtiasi_v3p0" xmlns:xsi="http://www.w3.org/2001/XMLSchema-instance" xsi:schemaLocation="http://www.imsglobal.org/xsd/imsqtiasi_v3p0 https://www.imsglobal.org/xsd/qti/qtiv3p0/imsqti_asiv3p0_v1p0.xsd" identifier="qti3-unattended-luggage-01" title="Unattended Luggage QTI3" adaptive="false" time-dependent="false">
	<qti-response-declaration identifier="RESPONSE" cardinality="single" base-type="identifier">
		<qti-correct-response>
			<qti-value>ChoiceA</qti-value>
		</qti-correct-response>
	</qti-response-declaration>
	<qti-outcome-declaration identifier="SCORE" cardinality="single" base-type="float">
		<qti-default-value>
			<qti-value>0</qti-value>
		</qti-default-value>
	</qti-outcome-declaration>
	<qti-item-body>
		<p>Look at the text in the picture.</p>
		<p>
			<img src="images/sign.png" alt="NEVER LEAVE LUGGAGE UNATTENDED"/>
		</p>

		<qti-choice-interaction class="" max-choices="1" shuffle="false" response-identifier="RESPONSE">
			<qti-prompt>What does it say?</qti-prompt>
			<qti-simple-choice identifier="ChoiceA">You must stay with your luggage at all times.</qti-simple-choice>
			<qti-simple-choice identifier="ChoiceB">Do not let someone else look after your luggage.</qti-simple-choice>
			<qti-simple-choice identifier="ChoiceC">Remember your luggage when you leave.</qti-simple-choice>
		</qti-choice-interaction>
	</qti-item-body>
	<qti-response-processing template="https://www.imsglobal.org/question/qti_v3p0/rptemplates/match_correct.xml"/>
</qti-assessment-item>