<?xml version="1.0" encoding="UTF-8"?>
<manifest xmlns="http://www.imsglobal.org/xsd/imscp_v1p1" xmlns:xsi="http://www.w3.org/2001/XMLSchema-instance" identifier="IDENTIFIER" version="CP 1.2" xsi:schemaLocation="http://www.imsglobal.org/xsd/imscp_v1p1 http://www.imsglobal.org/xsd/imscp_v1p2.xsd">
	<metadata />
	<organizations />
	<resources>
		<resource identifier="IASC082102C_04_D_T" type="imsqti_v2p1" href="IASC082102C_04_D_T/IASC082102C_04_D_T.xml">
			<file href="IASC082102C_04_D_T/IASC082102C_04_D_T.xml" />
			<file href="IASC082102C_04_D_T/modules/custom.js" />
			<file href="IASC082102C_04_D_T/modules/interactiveBridge.js" />
		</resource>
	</resources>
</manifest>
