<?xml version="1.0" encoding="utf-8" standalone="no"?>
<manifest xmlns="http://www.imsglobal.org/xsd/qti/qtiv3p0/imscp_v1p1" 
          xmlns:imsmd="http://ltsc.ieee.org/xsd/LOM" 
          xmlns:xsi="http://www.w3.org/2001/XMLSchema-instance" 
          identifier="Manifest_QTIv3p0_Item_Interaction_Vocab_Test" 
          xsi:schemaLocation="http://www.imsglobal.org/xsd/qti/qtiv3p0/imscp_v1p1 https://purl.imsglobal.org/spec/qti/v3p0/schema/xsd/imsqtiv3p0_imscpv1p2_v1p0.xsd http://ltsc.ieee.org/xsd/LOM https://purl.imsglobal.org/spec/md/v1p3/schema/xsd/imsmd_loose_v1p3p2.xsd">
    <metadata>
        <schema>QTI Package</schema>
        <schemaversion>3.0.0</schemaversion>
        <imsmd:lom>
            <imsmd:general>
                <imsmd:identifier>
                    <imsmd:entry>QTIv3p0_Item_Interaction_Vocab_Test</imsmd:entry>
                </imsmd:identifier>
                <imsmd:title>
                    <imsmd:string language="en">Simple Test with items demonstrating QTI shared vocabulary</imsmd:string>
                </imsmd:title>
                <imsmd:language>en</imsmd:language>
                <imsmd:description>
                    <imsmd:string language="en">Test using items demonstrating QTI shared vocabulary to control item presentation</imsmd:string>
                </imsmd:description>
                <imsmd:keyword>
                    <imsmd:string language="en">test</imsmd:string>
                </imsmd:keyword>
            </imsmd:general>
            <imsmd:technical>
                <imsmd:format>text/x-imsqti-test-xml</imsmd:format>
                <imsmd:location/>
                <imsmd:otherPlatformRequirements>
                    <imsmd:string language="en">QTIv3.0</imsmd:string>
                </imsmd:otherPlatformRequirements>
            </imsmd:technical>
            <imsmd:educational>
                <imsmd:learningResourceType>
                    <imsmd:source>RDNLTSNType</imsmd:source>
                    <imsmd:value>ExaminationTest</imsmd:value>
                </imsmd:learningResourceType>
                <imsmd:context>
                    <imsmd:source>LOMv1.0</imsmd:source>
                    <imsmd:value>k12 education</imsmd:value>
                </imsmd:context>
                <imsmd:language>en</imsmd:language>
            </imsmd:educational>
        </imsmd:lom>
    </metadata>
  <organizations/>   
  <resources>
    <!-- qti-choice-interaction card=single -->
    <resource href="Items/Item_QTI3_Luggage_01/unattended_luggage_qti3.xml" identifier="qti3-unattended-luggage-01" type="imsqti_item_xmlv3p0">
      <file href="Items/Item_QTI3_Luggage_01/unattended_luggage_qti3.xml" />
      <file href="Items/Item_QTI3_Luggage_01/images/sign.png"/>
    </resource>
    <resource href="Items/Item_QTI3_Luggage_02/unattended_luggage_qti3.xml" identifier="qti3-unattended-luggage-02" type="imsqti_item_xmlv3p0">
      <file href="Items/Item_QTI3_Luggage_02/unattended_luggage_qti3.xml" />
      <file href="Items/Item_QTI3_Luggage_02/images/sign.png"/>
    </resource>
    <resource href="Items/Item_QTI3_Luggage_03/unattended_luggage_qti3.xml" identifier="qti3-unattended-luggage-03" type="imsqti_item_xmlv3p0">
      <file href="Items/Item_QTI3_Luggage_03/unattended_luggage_qti3.xml" />
      <file href="Items/Item_QTI3_Luggage_03/images/sign.png"/>
    </resource>
    <resource href="Items/Item_QTI3_Luggage_04/unattended_luggage_qti3.xml" identifier="qti3-unattended-luggage-04" type="imsqti_item_xmlv3p0">
      <file href="Items/Item_QTI3_Luggage_04/unattended_luggage_qti3.xml" />
      <file href="Items/Item_QTI3_Luggage_04/images/sign.png"/>
    </resource>
    <resource href="Items/Item_QTI3_Luggage_05/unattended_luggage_qti3.xml" identifier="qti3-unattended-luggage-05" type="imsqti_item_xmlv3p0">
      <file href="Items/Item_QTI3_Luggage_05/unattended_luggage_qti3.xml" />
      <file href="Items/Item_QTI3_Luggage_05/images/sign.png"/>
    </resource>
    
    <!-- qti-choice-interaction card=multiple -->
    <resource href="Items/Item_QTI3_CompWater_01/composition_of_water_qti3.xml" identifier="qti3-choice-multiple-01" type="imsqti_item_xmlv3p0">
      <file href="Items/Item_QTI3_CompWater_01/composition_of_water_qti3.xml" />
    </resource>
    <resource href="Items/Item_QTI3_CompWater_02/composition_of_water_qti3.xml" identifier="qti3-choice-multiple-02" type="imsqti_item_xmlv3p0">
      <file href="Items/Item_QTI3_CompWater_02/composition_of_water_qti3.xml" />
    </resource>
    <resource href="Items/Item_QTI3_CompWater_03/composition_of_water_qti3.xml" identifier="qti3-choice-multiple-03" type="imsqti_item_xmlv3p0">
      <file href="Items/Item_QTI3_CompWater_03/composition_of_water_qti3.xml" />
    </resource>
    <resource href="Items/Item_QTI3_CompWater_04/composition_of_water_qti3.xml" identifier="qti3-choice-multiple-04" type="imsqti_item_xmlv3p0">
      <file href="Items/Item_QTI3_CompWater_04/composition_of_water_qti3.xml" />
    </resource>
    
    <!-- qti-inline-choice-interaction -->
    <resource href="Items/Item_QTI3_RichardTake2_01/inline_choice_qti3.xml" identifier="qti3-inline-choice-01" type="imsqti_item_xmlv3p0">
      <file href="Items/Item_QTI3_RichardTake2_01/inline_choice_qti3.xml" />
    </resource>
    
    <!-- qti-text-entry-interaction -->
    <resource href="Items/Item_QTI3_RichardTake3_01/text_entry_qti3.xml" identifier="qti3-text-entry-01" type="imsqti_item_xmlv3p0">
      <file href="Items/Item_QTI3_RichardTake3_01/text_entry_qti3.xml" />
    </resource>
    
    <!-- qti-extended-text-interaction -->
    <resource href="Items/Item_QTI3_WritingPostcard_01/extended_text_qti3.xml" identifier="qti3-extended-text-01" type="imsqti_item_xmlv3p0">
      <file href="Items/Item_QTI3_WritingPostcard_01/extended_text_qti3.xml" />
      <file href="Items/Item_QTI3_WritingPostcard_01/images/postcard.png"/>
    </resource>
    <resource href="Items/Item_QTI3_WritingPostcard_02/extended_text_qti3.xml" identifier="qti3-extended-text-02" type="imsqti_item_xmlv3p0">
      <file href="Items/Item_QTI3_WritingPostcard_02/extended_text_qti3.xml" />
      <file href="Items/Item_QTI3_WritingPostcard_02/images/postcard.png"/>
    </resource>
    <resource href="Items/Item_QTI3_WritingPostcard_03/extended_text_qti3.xml" identifier="qti3-extended-text-03" type="imsqti_item_xmlv3p0">
      <file href="Items/Item_QTI3_WritingPostcard_03/extended_text_qti3.xml" />
      <file href="Items/Item_QTI3_WritingPostcard_03/images/postcard.png"/>
    </resource>
    
    <!-- qti-match-interaction -->
    <resource href="Items/Item_QTI3_Match_01/match_qti3.xml" identifier="qti3-match-01" type="imsqti_item_xmlv3p0">
      <file href="Items/Item_QTI3_Match_01/match_qti3.xml"/>
    </resource>
    <resource href="Items/Item_QTI3_Match_02/match_qti3.xml" identifier="qti3-match-02" type="imsqti_item_xmlv3p0">
      <file href="Items/Item_QTI3_Match_02/match_qti3.xml"/>
    </resource>
    <resource href="Items/Item_QTI3_Match_03/match_qti3.xml" identifier="qti3-match-03" type="imsqti_item_xmlv3p0">
      <file href="Items/Item_QTI3_Match_03/match_qti3.xml"/>
    </resource>
    
    <!-- qti-gap-match-interaction -->
    <resource href="Items/Item_QTI3_Gap_Match_01/gap-match-qti3.xml" identifier="qti3-gap-match-01" type="imsqti_item_xmlv3p0">
      <file href="Items/Item_QTI3_Gap_Match_01/gap-match-qti3.xml"/>
    </resource>
    <resource href="Items/Item_QTI3_Gap_Match_02/gap-match-qti3.xml" identifier="qti3-gap-match-02" type="imsqti_item_xmlv3p0">
      <file href="Items/Item_QTI3_Gap_Match_02/gap-match-qti3.xml"/>
    </resource>
    <resource href="Items/Item_QTI3_Gap_Match_03/gap-match-qti3.xml" identifier="qti3-gap-match-03" type="imsqti_item_xmlv3p0">
      <file href="Items/Item_QTI3_Gap_Match_03/gap-match-qti3.xml"/>
    </resource>

    <!-- qti-graphic-gap-match-interaction -->
    <resource href="Items/Item_QTI3_Graphic_Gap_Match_01/graphic-gap-match-qti3.xml" identifier="qti3-graphic-gap-match-01" type="imsqti_item_xmlv3p0">
      <file href="Items/Item_QTI3_Graphic_Gap_Match_01/graphic-gap-match-qti3.xml"/>
      <file href="Items/Item_QTI3_Graphic_Gap_Match_01/images/a-cw.png"/>
      <file href="Items/Item_QTI3_Graphic_Gap_Match_01/images/b-ww2.png"/>
      <file href="Items/Item_QTI3_Graphic_Gap_Match_01/images/c-vietnam.png"/>
      <file href="Items/Item_QTI3_Graphic_Gap_Match_01/images/d-bay.png"/>
      <file href="Items/Item_QTI3_Graphic_Gap_Match_01/images/timeline-558.png"/>
    </resource>
    <resource href="Items/Item_QTI3_Graphic_Gap_Match_02/graphic-gap-match-qti3.xml" identifier="qti3-graphic-gap-match-02" type="imsqti_item_xmlv3p0">
      <file href="Items/Item_QTI3_Graphic_Gap_Match_02/graphic-gap-match-qti3.xml"/>
      <file href="Items/Item_QTI3_Graphic_Gap_Match_02/images/a-cw.png"/>
      <file href="Items/Item_QTI3_Graphic_Gap_Match_02/images/b-ww2.png"/>
      <file href="Items/Item_QTI3_Graphic_Gap_Match_02/images/c-vietnam.png"/>
      <file href="Items/Item_QTI3_Graphic_Gap_Match_02/images/d-bay.png"/>
      <file href="Items/Item_QTI3_Graphic_Gap_Match_02/images/timeline-558.png"/>
    </resource>
    <resource href="Items/Item_QTI3_Graphic_Gap_Match_03/graphic-gap-match-qti3.xml" identifier="qti3-graphic-gap-match-03" type="imsqti_item_xmlv3p0">
      <file href="Items/Item_QTI3_Graphic_Gap_Match_03/graphic-gap-match-qti3.xml"/>
      <file href="Items/Item_QTI3_Graphic_Gap_Match_03/images/a-cw.png"/>
      <file href="Items/Item_QTI3_Graphic_Gap_Match_03/images/b-ww2.png"/>
      <file href="Items/Item_QTI3_Graphic_Gap_Match_03/images/c-vietnam.png"/>
      <file href="Items/Item_QTI3_Graphic_Gap_Match_03/images/d-bay.png"/>
      <file href="Items/Item_QTI3_Graphic_Gap_Match_03/images/timeline-558.png"/>
    </resource>
    
    <!-- qti-hotspot-interaction -->
    <resource href="Items/Item_QTI3_Hotspot_01/hotspot-qti3.xml" identifier="qti3-hotspot-01" type="imsqti_item_xmlv3p0">
      <file href="Items/Item_QTI3_Hotspot_01/hotspot-qti3.xml"/>
      <file href="Items/Item_QTI3_Hotspot_01/ukair.png"/>
    </resource>
    <resource href="Items/Item_QTI3_Hotspot_02/hotspot-qti3.xml" identifier="qti3-hotspot-02" type="imsqti_item_xmlv3p0">
      <file href="Items/Item_QTI3_Hotspot_02/hotspot-qti3.xml"/>
      <file href="Items/Item_QTI3_Hotspot_02/ukair.png"/>
    </resource>
    <resource href="Items/Item_QTI3_Hotspot_03/hotspot-qti3.xml" identifier="qti3-hotspot-03" type="imsqti_item_xmlv3p0">
      <file href="Items/Item_QTI3_Hotspot_03/hotspot-qti3.xml"/>
      <file href="Items/Item_QTI3_Hotspot_03/ukair.png"/>
    </resource>

    <!-- qti-hottext-interaction -->
    <resource href="Items/Item_QTI3_Hottext_01/hottext-qti3.xml" identifier="qti3-hottext-01" type="imsqti_item_xmlv3p0">
      <file href="Items/Item_QTI3_Hottext_01/hottext-qti3.xml"/>
    </resource>
    <resource href="Items/Item_QTI3_Hottext_02/hottext-qti3.xml" identifier="qti3-hottext-02" type="imsqti_item_xmlv3p0">
      <file href="Items/Item_QTI3_Hottext_02/hottext-qti3.xml"/>
    </resource>
  </resources>
</manifest>