<?xml version="1.0" encoding="UTF-8"?>
<!--This file was created using: Onyx Editor, Version 3.4.3 (Full, licensed version), (c)2012 BPS Bildungsportal Sachsen GmbH-->
<qti-assessment-item xmlns="http://www.imsglobal.org/xsd/imsqtiasi_v3p0" xmlns:xsi="http://www.w3.org/2001/XMLSchema-instance" xsi:schemaLocation=" http://www.imsglobal.org/xsd/imsqtiasi_v3p0 https://purl.imsglobal.org/spec/qti/v3p0/schema/xsd/imsqti_asiv3p0_v1p0.xsd " identifier="Choicetruefalse_176040516" title="choice (true-false)" adaptive="false" time-dependent="false">
	<qti-response-declaration identifier="RESPONSE_27628688" cardinality="single" base-type="identifier">
		<qti-correct-response>
			<qti-value>choice_1164834606</qti-value>
		</qti-correct-response>
	</qti-response-declaration>
	<qti-outcome-declaration identifier="SCORE" cardinality="single" base-type="float">
		<qti-default-value>
			<qti-value>0.0</qti-value>
		</qti-default-value>
	</qti-outcome-declaration>
	<qti-outcome-declaration identifier="MAXSCORE" cardinality="single" base-type="float">
		<qti-default-value>
			<qti-value>1.0</qti-value>
		</qti-default-value>
	</qti-outcome-declaration>
	<qti-outcome-declaration identifier="FEEDBACKBASIC" cardinality="single" base-type="identifier">
		<qti-default-value>
			<qti-value>empty</qti-value>
		</qti-default-value>
	</qti-outcome-declaration>
	<qti-outcome-declaration identifier="FEEDBACKMODAL" cardinality="multiple" base-type="identifier" view="testConstructor"/>
	<qti-item-body>
		<div>Das Bundesland Sachsen ist eines der neuen Bundesländer und gehörte damit zur ehemaligen Deutschen Demokratischen Republik (DDR).</div>
		<qti-choice-interaction response-identifier="RESPONSE_27628688" shuffle="false" max-choices="1">
			<qti-simple-choice identifier="choice_1164834606">Richtig</qti-simple-choice>
			<qti-simple-choice identifier="choice_1416143937">Falsch</qti-simple-choice>
		</qti-choice-interaction>
	</qti-item-body>
	<qti-response-processing>
		<qti-response-condition>
			<qti-response-if>
				<qti-is-null>
					<qti-variable identifier="RESPONSE_27628688"/>
				</qti-is-null>
				<qti-set-outcome-value identifier="FEEDBACKBASIC">
					<qti-base-value base-type="identifier">empty</qti-base-value>
				</qti-set-outcome-value>
			</qti-response-if>
			<qti-response-else-if>
				<qti-match>
					<qti-variable identifier="RESPONSE_27628688"/>
					<qti-correct identifier="RESPONSE_27628688"/>
				</qti-match>
				<qti-set-outcome-value identifier="SCORE">
					<qti-sum>
						<qti-variable identifier="SCORE"/>
						<qti-variable identifier="MAXSCORE"/>
					</qti-sum>
				</qti-set-outcome-value>
				<qti-set-outcome-value identifier="FEEDBACKBASIC">
					<qti-base-value base-type="identifier">correct</qti-base-value>
				</qti-set-outcome-value>
			</qti-response-else-if>
			<qti-response-else>
				<qti-set-outcome-value identifier="FEEDBACKBASIC">
					<qti-base-value base-type="identifier">incorrect</qti-base-value>
				</qti-set-outcome-value>
			</qti-response-else>
		</qti-response-condition>
		<qti-response-condition>
			<qti-response-if>
				<qti-and>
					<qti-match>
						<qti-base-value base-type="identifier">correct</qti-base-value>
						<qti-variable identifier="FEEDBACKBASIC"/>
					</qti-match>
				</qti-and>
				<qti-set-outcome-value identifier="FEEDBACKMODAL">
					<qti-multiple>
						<qti-variable identifier="FEEDBACKMODAL"/>
						<qti-base-value base-type="identifier">FEEDBACK_32175877</qti-base-value>
					</qti-multiple>
				</qti-set-outcome-value>
			</qti-response-if>
		</qti-response-condition>
		<qti-response-condition>
			<qti-response-if>
				<qti-and>
					<qti-match>
						<qti-base-value base-type="identifier">incorrect</qti-base-value>
						<qti-variable identifier="FEEDBACKBASIC"/>
					</qti-match>
				</qti-and>
				<qti-set-outcome-value identifier="FEEDBACKMODAL">
					<qti-multiple>
						<qti-variable identifier="FEEDBACKMODAL"/>
						<qti-base-value base-type="identifier">FEEDBACK_16755160</qti-base-value>
					</qti-multiple>
				</qti-set-outcome-value>
			</qti-response-if>
		</qti-response-condition>
	</qti-response-processing>
	<qti-modal-feedback identifier="FEEDBACK_32175877" outcome-identifier="FEEDBACKMODAL" show-hide="show" title="Richtig!">Am 7. Oktober 1949 wurde Sachsen eines von fünf Ländern der gegründeten Deutschen Demokratischen Republik (DDR). 1990, im Jahr der Wiedervereinigung, wurde per Verfassungsgesetz zur Bildung von Ländern in der Deutschen Demokratischen Republik (Ländereinführungsgesetz) das Land Sachsen neu gegründet. Mit dem Beitritt der DDR zur Bundesrepublik Deutschland wurde es dann zum Freistaat Sachsen und ist seitdem einer der 16 Gliedstaaten der Bundesrepublik.</qti-modal-feedback>
	<qti-modal-feedback identifier="FEEDBACK_16755160" outcome-identifier="FEEDBACKMODAL" show-hide="show" title="Leider Falsch!">Am 7. Oktober 1949 wurde Sachsen eines von fünf Ländern der gegründeten Deutschen Demokratischen Republik (DDR). 1990, im Jahr der Wiedervereinigung, wurde per Verfassungsgesetz zur Bildung von Ländern in der Deutschen Demokratischen Republik (Ländereinführungsgesetz) das Land Sachsen neu gegründet. Mit dem Beitritt der DDR zur Bundesrepublik Deutschland wurde es dann zum Freistaat Sachsen und ist seitdem einer der 16 Gliedstaaten der Bundesrepublik.</qti-modal-feedback>
</qti-assessment-item>