<?xml version="1.0" encoding="UTF-8"?>
<!--This file was created using: Onyx Editor, Version 3.4.3 (Full, licensed version), (c)2012 BPS Bildungsportal Sachsen GmbH-->
<qti-assessment-item xmlns="http://www.imsglobal.org/xsd/imsqtiasi_v3p0" xmlns:xsi="http://www.w3.org/2001/XMLSchema-instance" xsi:schemaLocation=" http://www.imsglobal.org/xsd/imsqtiasi_v3p0 https://purl.imsglobal.org/spec/qti/v3p0/schema/xsd/imsqti_asiv3p0_v1p0.xsd " identifier="Choicemultiple_871212949" title="choice (multiple, point per answer)" adaptive="false" time-dependent="false">
	<qti-response-declaration identifier="RESPONSE_27966883" cardinality="multiple" base-type="identifier">
		<qti-correct-response>
			<qti-value>choice_934383202</qti-value>
			<qti-value>choice_2022864592</qti-value>
			<qti-value>choice_1534527094</qti-value>
		</qti-correct-response>
		<qti-mapping default-value="0.0">
			<qti-map-entry map-key="choice_934383202" mapped-value="1.0"/>
			<qti-map-entry map-key="choice_2022864592" mapped-value="1.0"/>
			<qti-map-entry map-key="choice_1534527094" mapped-value="1.0"/>
			<qti-map-entry map-key="choice_921260236" mapped-value="-1.0"/>
			<qti-map-entry map-key="choice_1757121272" mapped-value="-2.0"/>
		</qti-mapping>
	</qti-response-declaration>
	<qti-outcome-declaration identifier="SCORE" cardinality="single" base-type="float">
		<qti-default-value>
			<qti-value>0.0</qti-value>
		</qti-default-value>
	</qti-outcome-declaration>
	<qti-outcome-declaration identifier="MAXSCORE" cardinality="single" base-type="float">
		<qti-default-value>
			<qti-value>3.0</qti-value>
		</qti-default-value>
	</qti-outcome-declaration>
	<qti-outcome-declaration identifier="FEEDBACKBASIC" cardinality="single" base-type="identifier" view="testConstructor">
		<qti-default-value>
			<qti-value>empty</qti-value>
		</qti-default-value>
	</qti-outcome-declaration>
	<qti-outcome-declaration identifier="FEEDBACKMODAL" cardinality="multiple" base-type="identifier" view="testConstructor"/>
	<qti-item-body>
		<div>Welche Naturräume finden sich im Freistaat Sachsen?</div>
		<qti-choice-interaction response-identifier="RESPONSE_27966883" shuffle="true" max-choices="0">
			<qti-simple-choice identifier="choice_934383202">Erzgebirge</qti-simple-choice>
			<qti-simple-choice identifier="choice_2022864592">Lausitz</qti-simple-choice>
			<qti-simple-choice identifier="choice_1534527094">Vogtland</qti-simple-choice>
			<qti-simple-choice identifier="choice_921260236">Harz</qti-simple-choice>
			<qti-simple-choice identifier="choice_1757121272">Alpen</qti-simple-choice>
		</qti-choice-interaction>
	</qti-item-body>
	<qti-response-processing>
		<qti-response-condition>
			<qti-response-if>
				<qti-not>
					<qti-is-null>
						<qti-variable identifier="RESPONSE_27966883"/>
					</qti-is-null>
				</qti-not>
				<qti-set-outcome-value identifier="SCORE">
					<qti-sum>
						<qti-variable identifier="SCORE"/>
						<qti-map-response identifier="RESPONSE_27966883"/>
					</qti-sum>
				</qti-set-outcome-value>
				<qti-set-outcome-value identifier="FEEDBACKBASIC">
					<qti-base-value base-type="identifier">incorrect</qti-base-value>
				</qti-set-outcome-value>
			</qti-response-if>
		</qti-response-condition>
		<qti-response-condition>
			<qti-response-if>
				<qti-and>
					<qti-not>
						<qti-match>
							<qti-variable identifier="FEEDBACKBASIC"/>
							<qti-base-value base-type="identifier">empty</qti-base-value>
						</qti-match>
					</qti-not>
					<qti-equal tolerance-mode="exact">
						<qti-variable identifier="SCORE"/>
						<qti-variable identifier="MAXSCORE"/>
					</qti-equal>
				</qti-and>
				<qti-set-outcome-value identifier="FEEDBACKBASIC">
					<qti-base-value base-type="identifier">correct</qti-base-value>
				</qti-set-outcome-value>
			</qti-response-if>
		</qti-response-condition>
		<qti-response-condition>
			<qti-response-if>
				<qti-and>
					<qti-match>
						<qti-base-value base-type="identifier">correct</qti-base-value>
						<qti-variable identifier="FEEDBACKBASIC"/>
					</qti-match>
				</qti-and>
				<qti-set-outcome-value identifier="FEEDBACKMODAL">
					<qti-multiple>
						<qti-variable identifier="FEEDBACKMODAL"/>
						<qti-base-value base-type="identifier">FEEDBACK_20198043</qti-base-value>
					</qti-multiple>
				</qti-set-outcome-value>
			</qti-response-if>
		</qti-response-condition>
		<qti-response-condition>
			<qti-response-if>
				<qti-and>
					<qti-match>
						<qti-base-value base-type="identifier">incorrect</qti-base-value>
						<qti-variable identifier="FEEDBACKBASIC"/>
					</qti-match>
				</qti-and>
				<qti-set-outcome-value identifier="FEEDBACKMODAL">
					<qti-multiple>
						<qti-variable identifier="FEEDBACKMODAL"/>
						<qti-base-value base-type="identifier">FEEDBACK_31886564</qti-base-value>
					</qti-multiple>
				</qti-set-outcome-value>
			</qti-response-if>
		</qti-response-condition>
		<qti-response-condition>
			<qti-response-if>
				<qti-and>
					<qti-not>
						<qti-member>
							<qti-base-value base-type="identifier">choice_2022864592</qti-base-value>
							<qti-variable identifier="RESPONSE_27966883"/>
						</qti-member>
					</qti-not>
				</qti-and>
				<qti-set-outcome-value identifier="FEEDBACKMODAL">
					<qti-multiple>
						<qti-variable identifier="FEEDBACKMODAL"/>
						<qti-base-value base-type="identifier">FEEDBACK_16125728</qti-base-value>
					</qti-multiple>
				</qti-set-outcome-value>
			</qti-response-if>
		</qti-response-condition>
		<qti-response-condition>
			<qti-response-if>
				<qti-and>
					<qti-not>
						<qti-member>
							<qti-base-value base-type="identifier">choice_934383202</qti-base-value>
							<qti-variable identifier="RESPONSE_27966883"/>
						</qti-member>
					</qti-not>
				</qti-and>
				<qti-set-outcome-value identifier="FEEDBACKMODAL">
					<qti-multiple>
						<qti-variable identifier="FEEDBACKMODAL"/>
						<qti-base-value base-type="identifier">FEEDBACK_5978326</qti-base-value>
					</qti-multiple>
				</qti-set-outcome-value>
			</qti-response-if>
		</qti-response-condition>
		<qti-response-condition>
			<qti-response-if>
				<qti-and>
					<qti-not>
						<qti-member>
							<qti-base-value base-type="identifier">choice_1534527094</qti-base-value>
							<qti-variable identifier="RESPONSE_27966883"/>
						</qti-member>
					</qti-not>
				</qti-and>
				<qti-set-outcome-value identifier="FEEDBACKMODAL">
					<qti-multiple>
						<qti-variable identifier="FEEDBACKMODAL"/>
						<qti-base-value base-type="identifier">FEEDBACK_15771477</qti-base-value>
					</qti-multiple>
				</qti-set-outcome-value>
			</qti-response-if>
		</qti-response-condition>
		<qti-response-condition>
			<qti-response-if>
				<qti-and>
					<qti-member>
						<qti-base-value base-type="identifier">choice_921260236</qti-base-value>
						<qti-variable identifier="RESPONSE_27966883"/>
					</qti-member>
				</qti-and>
				<qti-set-outcome-value identifier="FEEDBACKMODAL">
					<qti-multiple>
						<qti-variable identifier="FEEDBACKMODAL"/>
						<qti-base-value base-type="identifier">FEEDBACK_24761471</qti-base-value>
					</qti-multiple>
				</qti-set-outcome-value>
			</qti-response-if>
		</qti-response-condition>
		<qti-response-condition>
			<qti-response-if>
				<qti-and>
					<qti-member>
						<qti-base-value base-type="identifier">choice_1757121272</qti-base-value>
						<qti-variable identifier="RESPONSE_27966883"/>
					</qti-member>
				</qti-and>
				<qti-set-outcome-value identifier="FEEDBACKMODAL">
					<qti-multiple>
						<qti-variable identifier="FEEDBACKMODAL"/>
						<qti-base-value base-type="identifier">FEEDBACK_23991545</qti-base-value>
					</qti-multiple>
				</qti-set-outcome-value>
			</qti-response-if>
		</qti-response-condition>
	</qti-response-processing>
	<qti-modal-feedback identifier="FEEDBACK_20198043" outcome-identifier="FEEDBACKMODAL" show-hide="show" title="">Richtig!</qti-modal-feedback>
	<qti-modal-feedback identifier="FEEDBACK_31886564" outcome-identifier="FEEDBACKMODAL" show-hide="show" title="">Leider Falsch!</qti-modal-feedback>
	<qti-modal-feedback identifier="FEEDBACK_16125728" outcome-identifier="FEEDBACKMODAL" show-hide="show" title="In deiner Auswahl fehlt die Region Lausitz">Die Lausitz ist eine Region in Deutschland und Polen. Sie umfasst den Süden Brandenburgs und den Osten des Freistaates Sachsen.</qti-modal-feedback>
	<qti-modal-feedback identifier="FEEDBACK_5978326" outcome-identifier="FEEDBACKMODAL" show-hide="show" title="In deiner Auswahl fehlt das Erzgebirge">Das Erzgebirge ist ein Mittelgebirge und bildet die natürliche Grenze zwischen Sachsen und Böhmen.</qti-modal-feedback>
	<qti-modal-feedback identifier="FEEDBACK_15771477" outcome-identifier="FEEDBACKMODAL" show-hide="show" title="In deiner Auswahl fehlt das Vogtland">Das Vogtland ist eine Region im Grenzgebiet der drei deutschen Bundesländer Bayern, Sachsen und Thüringen.</qti-modal-feedback>
	<qti-modal-feedback identifier="FEEDBACK_24761471" outcome-identifier="FEEDBACKMODAL" show-hide="show" title="Die Auswahl Harz war leider falsch">Der Harz ist ein Mittelgebirge in Deutschland. Er stellt das höchste Gebirge Norddeutschlands dar und liegt am Schnittpunkt von Niedersachsen, Sachsen-Anhalt und Thüringen.</qti-modal-feedback>
	<qti-modal-feedback identifier="FEEDBACK_23991545" outcome-identifier="FEEDBACKMODAL" show-hide="show" title="Die Auswahl Alpen war leider falsch">Die Alpen sind das höchste Gebirge im Inneren Europas. Sie erstrecken sich von Italien und der Schweiz bis in den Süden Deutschlands. Das Alpenvorland zieht sich durch die Bundesländer Bayern und Baden-Württemberg.</qti-modal-feedback>
</qti-assessment-item>