<?xml version="1.0" encoding="UTF-8"?>
<!--This file was created using: Onyx Editor, Version 3.4.3 (Full, licensed version), (c)2012 BPS Bildungsportal Sachsen GmbH-->
<qti-assessment-item xmlns="http://www.imsglobal.org/xsd/imsqtiasi_v3p0" xmlns:xsi="http://www.w3.org/2001/XMLSchema-instance" xsi:schemaLocation=" http://www.imsglobal.org/xsd/imsqtiasi_v3p0 https://purl.imsglobal.org/spec/qti/v3p0/schema/xsd/imsqti_asiv3p0_v1p0.xsd " identifier="TextEntrysubset_806481421" title="textEntry (subset)" adaptive="false" time-dependent="false">
	<qti-response-declaration identifier="RESPONSE_1" cardinality="single" base-type="string">
		<qti-mapping default-value="0.0">
			<qti-map-entry map-key="Dresden" mapped-value="1.0" case-sensitive="false"/>
			<qti-map-entry map-key="Chemnitz" mapped-value="1.0" case-sensitive="false"/>
			<qti-map-entry map-key="Leipzig" mapped-value="1.0" case-sensitive="false"/>
		</qti-mapping>
	</qti-response-declaration>
	<qti-response-declaration identifier="RESPONSE_2" cardinality="single" base-type="string">
		<qti-mapping default-value="0.0">
			<qti-map-entry map-key="Dresden" mapped-value="1.0" case-sensitive="false"/>
			<qti-map-entry map-key="Chemnitz" mapped-value="1.0" case-sensitive="false"/>
			<qti-map-entry map-key="Leipzig" mapped-value="1.0" case-sensitive="false"/>
		</qti-mapping>
	</qti-response-declaration>
	<qti-response-declaration identifier="RESPONSE_3" cardinality="single" base-type="string">
		<qti-mapping default-value="0.0">
			<qti-map-entry map-key="Dresden" mapped-value="1.0" case-sensitive="false"/>
			<qti-map-entry map-key="Chemnitz" mapped-value="1.0" case-sensitive="false"/>
			<qti-map-entry map-key="Leipzig" mapped-value="1.0" case-sensitive="false"/>
		</qti-mapping>
	</qti-response-declaration>
	<qti-outcome-declaration identifier="SCORE" cardinality="single" base-type="float">
		<qti-default-value>
			<qti-value>0.0</qti-value>
		</qti-default-value>
	</qti-outcome-declaration>
	<qti-outcome-declaration identifier="MAXSCORE" cardinality="single" base-type="float">
		<qti-default-value>
			<qti-value>3.0</qti-value>
		</qti-default-value>
	</qti-outcome-declaration>
	<qti-outcome-declaration identifier="FEEDBACKBASIC" cardinality="single" base-type="identifier" view="testConstructor">
		<qti-default-value>
			<qti-value>empty</qti-value>
		</qti-default-value>
	</qti-outcome-declaration>
	<qti-outcome-declaration identifier="FEEDBACKMODAL" cardinality="multiple" base-type="identifier" view="testConstructor"/>
	<qti-item-body>
		<p>Das Bundesland Sachsen enthält die drei kreisfreien Städte:</p>
		<div>
			<qti-text-entry-interaction response-identifier="RESPONSE_1"/>
			<br/>
			<qti-text-entry-interaction response-identifier="RESPONSE_2"/>
			<br/>
			<qti-text-entry-interaction response-identifier="RESPONSE_3"/>
		</div>
	</qti-item-body>
	<qti-response-processing>
		<qti-response-condition>
			<qti-response-if>
				<qti-and>
					<qti-not>
						<qti-is-null>
							<qti-variable identifier="RESPONSE_3"/>
						</qti-is-null>
					</qti-not>
				</qti-and>
				<qti-set-outcome-value identifier="SCORE">
					<qti-sum>
						<qti-variable identifier="SCORE"/>
						<qti-map-response identifier="RESPONSE_3"/>
					</qti-sum>
				</qti-set-outcome-value>
			</qti-response-if>
		</qti-response-condition>
		<qti-response-condition>
			<qti-response-if>
				<qti-not>
					<qti-is-null>
						<qti-variable identifier="RESPONSE_3"/>
					</qti-is-null>
				</qti-not>
				<qti-set-outcome-value identifier="FEEDBACKBASIC">
					<qti-base-value base-type="identifier">incorrect</qti-base-value>
				</qti-set-outcome-value>
			</qti-response-if>
		</qti-response-condition>
		<qti-response-condition>
			<qti-response-if>
				<qti-and>
					<qti-not>
						<qti-is-null>
							<qti-variable identifier="RESPONSE_2"/>
						</qti-is-null>
					</qti-not>
					<qti-not>
						<qti-string-match case-sensitive="false">
							<qti-variable identifier="RESPONSE_2"/>
							<qti-variable identifier="RESPONSE_3"/>
						</qti-string-match>
					</qti-not>
				</qti-and>
				<qti-set-outcome-value identifier="SCORE">
					<qti-sum>
						<qti-variable identifier="SCORE"/>
						<qti-map-response identifier="RESPONSE_2"/>
					</qti-sum>
				</qti-set-outcome-value>
			</qti-response-if>
		</qti-response-condition>
		<qti-response-condition>
			<qti-response-if>
				<qti-not>
					<qti-is-null>
						<qti-variable identifier="RESPONSE_2"/>
					</qti-is-null>
				</qti-not>
				<qti-set-outcome-value identifier="FEEDBACKBASIC">
					<qti-base-value base-type="identifier">incorrect</qti-base-value>
				</qti-set-outcome-value>
			</qti-response-if>
		</qti-response-condition>
		<qti-response-condition>
			<qti-response-if>
				<qti-and>
					<qti-not>
						<qti-is-null>
							<qti-variable identifier="RESPONSE_1"/>
						</qti-is-null>
					</qti-not>
					<qti-not>
						<qti-string-match case-sensitive="false">
							<qti-variable identifier="RESPONSE_1"/>
							<qti-variable identifier="RESPONSE_3"/>
						</qti-string-match>
					</qti-not>
					<qti-not>
						<qti-string-match case-sensitive="false">
							<qti-variable identifier="RESPONSE_1"/>
							<qti-variable identifier="RESPONSE_2"/>
						</qti-string-match>
					</qti-not>
				</qti-and>
				<qti-set-outcome-value identifier="SCORE">
					<qti-sum>
						<qti-variable identifier="SCORE"/>
						<qti-map-response identifier="RESPONSE_1"/>
					</qti-sum>
				</qti-set-outcome-value>
			</qti-response-if>
		</qti-response-condition>
		<qti-response-condition>
			<qti-response-if>
				<qti-not>
					<qti-is-null>
						<qti-variable identifier="RESPONSE_1"/>
					</qti-is-null>
				</qti-not>
				<qti-set-outcome-value identifier="FEEDBACKBASIC">
					<qti-base-value base-type="identifier">incorrect</qti-base-value>
				</qti-set-outcome-value>
			</qti-response-if>
		</qti-response-condition>
		<qti-response-condition>
			<qti-response-if>
				<qti-and>
					<qti-not>
						<qti-match>
							<qti-variable identifier="FEEDBACKBASIC"/>
							<qti-base-value base-type="identifier">empty</qti-base-value>
						</qti-match>
					</qti-not>
					<qti-equal tolerance-mode="exact">
						<qti-variable identifier="SCORE"/>
						<qti-variable identifier="MAXSCORE"/>
					</qti-equal>
				</qti-and>
				<qti-set-outcome-value identifier="FEEDBACKBASIC">
					<qti-base-value base-type="identifier">correct</qti-base-value>
				</qti-set-outcome-value>
			</qti-response-if>
		</qti-response-condition>
		<qti-response-condition>
			<qti-response-if>
				<qti-and>
					<qti-match>
						<qti-base-value base-type="identifier">correct</qti-base-value>
						<qti-variable identifier="FEEDBACKBASIC"/>
					</qti-match>
				</qti-and>
				<qti-set-outcome-value identifier="FEEDBACKMODAL">
					<qti-multiple>
						<qti-variable identifier="FEEDBACKMODAL"/>
						<qti-base-value base-type="identifier">FEEDBACK_588645</qti-base-value>
					</qti-multiple>
				</qti-set-outcome-value>
			</qti-response-if>
		</qti-response-condition>
		<qti-response-condition>
			<qti-response-if>
				<qti-and>
					<qti-match>
						<qti-base-value base-type="identifier">incorrect</qti-base-value>
						<qti-variable identifier="FEEDBACKBASIC"/>
					</qti-match>
				</qti-and>
				<qti-set-outcome-value identifier="FEEDBACKMODAL">
					<qti-multiple>
						<qti-variable identifier="FEEDBACKMODAL"/>
						<qti-base-value base-type="identifier">FEEDBACK_28358501</qti-base-value>
					</qti-multiple>
				</qti-set-outcome-value>
			</qti-response-if>
		</qti-response-condition>
	</qti-response-processing>
	<qti-modal-feedback identifier="FEEDBACK_588645" outcome-identifier="FEEDBACKMODAL" show-hide="show" title="Richtig!">Sachsen enthält die drei kreisfreie Städte Chemnitz, Dresden und Leipzig,
		welche jeweils einem Direktionsbezirk zugehörig sind. Zwickau ist die viertgrößte Stadt in
		Sachsen. Zwickau, ist seit Ende 2003 keine Großstadt mehr, da die Einwohnerzahl
		zurückgegangen ist. Im Rahmen der Sächsischen Kreisreform wurde der Stadt im Jahr 2008 die
		Kreisfreiheit entzogen.</qti-modal-feedback>
	<qti-modal-feedback identifier="FEEDBACK_28358501" outcome-identifier="FEEDBACKMODAL" show-hide="show" title="Leider Falsch!">Sachsen enthält die drei kreisfreie Städte Chemnitz, Dresden und
		Leipzig, welche jeweils einem Direktionsbezirk zugehörig sind. Zwickau ist die viertgrößte
		Stadt in Sachsen. Zwickau, ist seit Ende 2003 keine Großstadt mehr, da die Einwohnerzahl
		zurückgegangen ist. Im Rahmen der Sächsischen Kreisreform wurde der Stadt im Jahr 2008 die
		Kreisfreiheit entzogen.</qti-modal-feedback>
</qti-assessment-item>