<?xml version="1.0" encoding="UTF-8"?>
<!--This file was created using: Onyx Editor, Version 3.4.3 (Full, licensed version), (c)2012 BPS Bildungsportal Sachsen GmbH-->
<qti-assessment-item xmlns="http://www.imsglobal.org/xsd/imsqtiasi_v3p0" xmlns:xsi="http://www.w3.org/2001/XMLSchema-instance" xsi:schemaLocation=" http://www.imsglobal.org/xsd/imsqtiasi_v3p0 https://purl.imsglobal.org/spec/qti/v3p0/schema/xsd/imsqti_asiv3p0_v1p0.xsd " identifier="TextEntrynumeric_770468849" title="textEntry (numeric, relative)" adaptive="false" time-dependent="false">
	<qti-response-declaration identifier="RESPONSE_1" cardinality="single" base-type="float">
		<qti-correct-response>
			<qti-value>4.136</qti-value>
		</qti-correct-response>
	</qti-response-declaration>
	<qti-outcome-declaration identifier="SCORE" cardinality="single" base-type="float">
		<qti-default-value>
			<qti-value>0.0</qti-value>
		</qti-default-value>
	</qti-outcome-declaration>
	<qti-outcome-declaration identifier="MAXSCORE" cardinality="single" base-type="float">
		<qti-default-value>
			<qti-value>1.0</qti-value>
		</qti-default-value>
	</qti-outcome-declaration>
	<qti-outcome-declaration identifier="FEEDBACKBASIC" cardinality="single" base-type="identifier" view="testConstructor">
		<qti-default-value>
			<qti-value>empty</qti-value>
		</qti-default-value>
	</qti-outcome-declaration>
	<qti-outcome-declaration identifier="FEEDBACKMODAL" cardinality="multiple" base-type="identifier" view="testConstructor"/>
	<qti-item-body>
		<p>Wieviele Einwohner hat der Freistaat Sachsen?</p>
		<div><qti-text-entry-interaction response-identifier="RESPONSE_1"/> Mio. (Stand: 31. August
			2011)</div>
	</qti-item-body>
	<qti-response-processing>
		<qti-response-condition>
			<qti-response-if>
				<qti-equal tolerance-mode="relative" tolerance="5.0 5.0" include-lower-bound="true" include-upper-bound="true">
					<qti-variable identifier="RESPONSE_1"/>
					<qti-correct identifier="RESPONSE_1"/>
				</qti-equal>
				<qti-set-outcome-value identifier="SCORE">
					<qti-sum>
						<qti-variable identifier="SCORE"/>
						<qti-base-value base-type="float">1.0</qti-base-value>
					</qti-sum>
				</qti-set-outcome-value>
			</qti-response-if>
		</qti-response-condition>
		<qti-response-condition>
			<qti-response-if>
				<qti-not>
					<qti-is-null>
						<qti-variable identifier="RESPONSE_1"/>
					</qti-is-null>
				</qti-not>
				<qti-set-outcome-value identifier="FEEDBACKBASIC">
					<qti-base-value base-type="identifier">incorrect</qti-base-value>
				</qti-set-outcome-value>
			</qti-response-if>
		</qti-response-condition>
		<qti-response-condition>
			<qti-response-if>
				<qti-and>
					<qti-not>
						<qti-match>
							<qti-variable identifier="FEEDBACKBASIC"/>
							<qti-base-value base-type="identifier">empty</qti-base-value>
						</qti-match>
					</qti-not>
					<qti-equal tolerance-mode="exact">
						<qti-variable identifier="SCORE"/>
						<qti-variable identifier="MAXSCORE"/>
					</qti-equal>
				</qti-and>
				<qti-set-outcome-value identifier="FEEDBACKBASIC">
					<qti-base-value base-type="identifier">correct</qti-base-value>
				</qti-set-outcome-value>
			</qti-response-if>
		</qti-response-condition>
		<qti-response-condition>
			<qti-response-if>
				<qti-and>
					<qti-match>
						<qti-base-value base-type="identifier">correct</qti-base-value>
						<qti-variable identifier="FEEDBACKBASIC"/>
					</qti-match>
				</qti-and>
				<qti-set-outcome-value identifier="FEEDBACKMODAL">
					<qti-multiple>
						<qti-variable identifier="FEEDBACKMODAL"/>
						<qti-base-value base-type="identifier">FEEDBACK_33287150</qti-base-value>
					</qti-multiple>
				</qti-set-outcome-value>
			</qti-response-if>
		</qti-response-condition>
		<qti-response-condition>
			<qti-response-if>
				<qti-and>
					<qti-match>
						<qti-base-value base-type="identifier">incorrect</qti-base-value>
						<qti-variable identifier="FEEDBACKBASIC"/>
					</qti-match>
				</qti-and>
				<qti-set-outcome-value identifier="FEEDBACKMODAL">
					<qti-multiple>
						<qti-variable identifier="FEEDBACKMODAL"/>
						<qti-base-value base-type="identifier">FEEDBACK_4085837</qti-base-value>
					</qti-multiple>
				</qti-set-outcome-value>
			</qti-response-if>
		</qti-response-condition>
	</qti-response-processing>
	<qti-modal-feedback identifier="FEEDBACK_33287150" outcome-identifier="FEEDBACKMODAL" show-hide="show" title="Richtig!">
            <qti-content-body>Sachsen hat rund 4,1 Millionen Einwohner bei einer Fläche von rund 18.400
		Quadratkilometern und gehört damit zu den kleineren Ländern der Bundesrepublik.</qti-content-body>
        </qti-modal-feedback>
	<qti-modal-feedback identifier="FEEDBACK_4085837" outcome-identifier="FEEDBACKMODAL" show-hide="show" title="Leider Falsch!">
            <qti-content-body>Sachsen hat rund 4,1 Millionen Einwohner bei einer Fläche von rund
		18.400 Quadratkilometern und gehört damit zu den kleineren Ländern der
		Bundesrepublik.</qti-content-body>
        </qti-modal-feedback>
</qti-assessment-item>