<?xml version="1.0" encoding="UTF-8"?>
<!--This is a Reload version 1.3 Content Package document-->
<!--Spawned from the Reload Content Package Generator - http://www.reload.ac.uk -->
<manifest xmlns="http://www.imsglobal.org/xsd/qti/qtiv3p0/imscp_v1p1" 
          xmlns:imsmd="http://ltsc.ieee.org/xsd/LOM" xmlns:xsi="http://www.w3.org/2001/XMLSchema-instance" 
          xmlns:imsqti="http://www.imsglobal.org/xsd/imsqtiasi_v3p0" 
          identifier="MANIFEST-85D76736-6D19-9DC0-7C0B-57C31A9FD390" 
          xsi:schemaLocation="http://www.imsglobal.org/xsd/imsqtiasi_v3p0 https://purl.imsglobal.org/spec/qti/v3p0/schema/xsd/imsqti_asiv3p0_v1p0.xsd http://ltsc.ieee.org/xsd/LOM https://purl.imsglobal.org/spec/md/v1p3/schema/xsd/imsmd_loose_v1p3p2.xsd http://www.imsglobal.org/xsd/qti/qtiv3p0/imscp_v1p1 https://purl.imsglobal.org/spec/qti/v3p0/schema/xsd/imsqtiv3p0_imscpv1p2_v1p0.xsd">
	<metadata>
		<schema>QTI Package</schema>
		<schemaversion>3.0.0</schemaversion>
		<imsmd:lom>
			<imsmd:general>
				<imsmd:title>
					<imsmd:string>Example Package</imsmd:string>
				</imsmd:title>
				<imsmd:language>en</imsmd:language>
				<imsmd:description>
					<imsmd:string>This is an example Contentpackage containing a
                        single QTI v3.0 item</imsmd:string>
				</imsmd:description>
			</imsmd:general>
			<imsmd:lifeCycle>
				<imsmd:version>
					<imsmd:string>3.0</imsmd:string>
				</imsmd:version>
				<imsmd:status>
					<imsmd:source>LOMv1.0</imsmd:source>
					<imsmd:value>Final</imsmd:value>
				</imsmd:status>
			</imsmd:lifeCycle>
			<imsmd:metaMetadata>
				<imsmd:metadataschema>LOMv1.0</imsmd:metadataschema>
				<imsmd:metadataschema>QTIv3.0</imsmd:metadataschema>
				<imsmd:language>en</imsmd:language>
			</imsmd:metaMetadata>
			<imsmd:technical>
				<imsmd:format>text/x-imsqti-item-xml</imsmd:format>
				<imsmd:format>image/png</imsmd:format>
			</imsmd:technical>
			<imsmd:rights>
				<imsmd:description>
					<imsmd:string>(c) 2005, 2019 IMS Global Learning Consortium;
                        individual items may have their own copyright statements.</imsmd:string>
				</imsmd:description>
			</imsmd:rights>
		</imsmd:lom>
	</metadata>
	<organizations/>
	<resources>
		<resource identifier="RES-B38DF83F-A291-86DA-4EC3-B2CEBD1515A4" type="imsqti_item_xmlv3p0" href="choice.xml">
			<metadata>
				<imsqti:qtiMetadata>
					<imsqti:timeDependent>false</imsqti:timeDependent>
					<imsqti:interactionType>choiceInteraction</imsqti:interactionType>
					<imsqti:feedbackType>none</imsqti:feedbackType>
					<imsqti:solutionAvailable>true</imsqti:solutionAvailable>
				</imsqti:qtiMetadata>
				<imsmd:lom>
					<imsmd:general>
						<imsmd:identifier>
                            <imsmd:entry>choice</imsmd:entry>
                        </imsmd:identifier>
						<imsmd:title>
							<imsmd:string>Unattended Luggage</imsmd:string>
						</imsmd:title>
						<imsmd:description>
							<imsmd:string>This example illustrates the
                                choiceInteraction being used to obtain a single response from the candidate.</imsmd:string>
						</imsmd:description>
					</imsmd:general>
					<imsmd:lifeCycle>
						<imsmd:version>
							<imsmd:string>3.0</imsmd:string>
						</imsmd:version>
						<imsmd:status>
							<imsmd:source>LOMv1.0</imsmd:source>
							<imsmd:value>Final</imsmd:value>
						</imsmd:status>
					</imsmd:lifeCycle>
					<imsmd:technical>
						<imsmd:format>text/x-imsqti-item-xml</imsmd:format>
						<imsmd:format>image/png</imsmd:format>
					</imsmd:technical>
					<imsmd:rights>
						<imsmd:description>
							<imsmd:string>This example has been adapted from the
                                PET Handbook, copyright University of Cambridge ESOL Examinations .</imsmd:string>
						</imsmd:description>
					</imsmd:rights>
				</imsmd:lom>
			</metadata>
			<file href="choice.xml"/>
			<file href="images/sign.png"/>
		</resource>
	</resources>
</manifest>