<?xml version="1.0" encoding="UTF-8"?>
<manifest 
    xmlns="http://www.imsglobal.org/xsd/qti/qtiv3p0/imsqtiv3p0_imscpv1p2_v1p1" 
    xmlns:lom="http://ltsc.ieee.org/xsd/LOM" 
    xmlns:xsi="http://www.w3.org/2001/XMLSchema-instance" 
    xmlns:imsqti="http://www.imsglobal.org/xsd/imsqti_metadata_v2p2" 
    xsi:schemaLocation="http://ltsc.ieee.org/xsd/LOM https://www.imsglobal.org/xsd/imsmd_loose_v1p3p2.xsd
    http://www.imsglobal.org/xsd/qti/qtiv3p0/imsqtiv3p0_imscpv1p2_v1p1 https://www.imsglobal.org/xsd/qti/qtiv3p0/imsqtiv3p0_csmv1p1_v1p0.xsd
    http://www.imsglobal.org/xsd/imsqti_metadata_v2p2 https://www.imsglobal.org/xsd/qti/qtiv2p2/imsqti_metadata_v2p2p1.xsd" 
    identifier="PCI_Example">
    <metadata>
        <schema>QTIv3.0 Package</schema>
        <schemaversion>1.0.0</schemaversion>
        <lom:lom xmlns:lom="http://ltsc.ieee.org/xsd/LOM">
            <lom:general>
                <lom:identifier>
                    <lom:catalog>
                        urn:fdc:hmhco.com:contentPackage:tapToRevealExample
                    </lom:catalog>
                </lom:identifier>
                <lom:title>
                    <lom:string language="en">
                        Example of Packaging a PCI in QTI 3.0
                    </lom:string>
                </lom:title>
                <lom:language>en</lom:language>
                <lom:description>
                    <lom:string language="en">This package contains a single item 
                        containing a PCI and shows how the PCI AMD module and module resolution
                        configuration may be packaged.
                    </lom:string>
                </lom:description>
            </lom:general>
            <lom:lifeCycle>
                <lom:version>
                    <lom:string language="en">1.0</lom:string>
                </lom:version>
                <lom:status>
                    <lom:source>LOMv1.0</lom:source>
                    <lom:value>Final</lom:value>
                </lom:status>
            </lom:lifeCycle>
            <lom:metaMetadata>
                <lom:metadataschema>LOMv1.0</lom:metadataschema>
                <lom:metadataschema>QTIv3.0</lom:metadataschema>
                <lom:language>en</lom:language>
            </lom:metaMetadata>
            <lom:technical>
                <lom:format>text/x-imsqti-item-xml</lom:format>
            </lom:technical>
            <lom:rights>
                <lom:description>
                    <lom:string language="en">(c) 2017,2018 Houghton Mifflin Harcourt. (9780544727984)</lom:string>
                </lom:description>
            </lom:rights>
        </lom:lom>
    </metadata>
    <organizations />

    <resources>
        <resource type="imsqti_item_xmlv3p0" identifier="measuringPh" href="measuring_ph.xml">
            <file href="measuring_ph.xml" />
            <file href="ammonia.svg" />
            <file href="baking_soda.svg" />
            <file href="vinegar.svg" />
            <dependency identifierref="pci_module_tap" />
            <dependency identifierref="pci_module_resolution" />
        </resource>


        <resource type="webcontent" identifier="pci_module_tap" href="modules/tap.js">
            <file href="modules/tap.js" />
        </resource>

        <resource type="webcontent" identifier="pci_module_resolution" 
                  href="modules/module_resolution.js">
            <file href="modules/module_resolution.js" />
        </resource>

    </resources>
</manifest>
