<?xml version="1.0" encoding="UTF-8"?>
<assessmentItem xmlns="http://www.imsglobal.org/xsd/imsqti_v2p2" xmlns:xsi="http://www.w3.org/2001/XMLSchema-instance"
  xsi:schemaLocation="http://www.imsglobal.org/xsd/imsqti_v2p2 http://www.imsglobal.org/xsd/qti/qtiv2p2/imsqti_v2p2p2.xsd"
  identifier="video-tracks" title="Big Buck Bunny" adaptive="false" timeDependent="false">
  <responseDeclaration identifier="RESPONSE" cardinality="single" baseType="identifier">
    <correctResponse>
      <value>C</value>
    </correctResponse>
  </responseDeclaration>
  <outcomeDeclaration identifier="SCORE" cardinality="single" baseType="float">
    <defaultValue>
      <value>0</value>
    </defaultValue>
  </outcomeDeclaration>
  <itemBody>
    <p>
      Below is a Big Buck Bunny video trailer with two different Closed Caption tracks: English and Japanese. 
      Use the video player's controls to turn the caption tracks (the "CC" button) on and off.
    </p>
    <video width="320" height="240" controls="true">
      <source src="assets/big_buck_bunny.mp4" type="video/mp4" />
      <source src="assets/big_buck_bunny.webm" type="video/webm" />
      <track kind="captions" src="assets/texttrack-en.vtt" srclang="en" label="English" default="true"/>
      <track kind="captions" src="assets/texttrack-jpn.vtt" srclang="ja" label="Japanese"/>
    </video>
    <p>
      This trailer, and the Big Buck Bunny project, is (c) copyright 2008, Blender Foundation / www.bigbuckbunny.org
    </p>
    <choiceInteraction maxChoices="1" responseIdentifier="RESPONSE">
      <prompt><p>How many Caption Tracks are included in the video presentation above?</p></prompt>
      <simpleChoice identifier="A">0</simpleChoice>
      <simpleChoice identifier="B">1</simpleChoice>
      <simpleChoice identifier="C">2</simpleChoice>
      <simpleChoice identifier="D">3</simpleChoice>
    </choiceInteraction>
  </itemBody>
  <responseProcessing template="http://www.imsglobal.org/question/qti_v2p2/rptemplates/match_correct"/>
</assessmentItem>
