<?xml version="1.0" encoding="UTF-8"?>
<!-- This example adapted from the PET Handbook, copyright University of Cambridge ESOL Examinations -->
<!-- The example combines shuffle with the fixation of one simpleChoice in place -->
<!-- Ruby markup is defined in NS hq5 (HTML5 for QTI), which is referenced in the main QTI 2.2 XSD -->
<assessmentItem xmlns="http://www.imsglobal.org/xsd/imsqti_v2p2"
	xmlns:xsi="http://www.w3.org/2001/XMLSchema-instance"
        xmlns:hq5="http://www.imsglobal.org/xsd/imsqtiv2p2_html5_v1p0"
	xsi:schemaLocation="http://www.imsglobal.org/xsd/imsqti_v2p2 http://www.imsglobal.org/xsd/qti/qtiv2p2/imsqti_v2p2p2.xsd http://www.imsglobal.org/xsd/imsqtiv2p2_html5_v1p0 http://www.imsglobal.org/xsd/qti/qtiv2p2/imsqtiv2p2p2_html5_v1p0.xsd"
	identifier="choice" title="出身地" adaptive="false" timeDependent="false">
	<responseDeclaration identifier="RESPONSE" cardinality="single" baseType="identifier">
		<correctResponse>
			<value>ChoiceHK</value>
		</correctResponse>
	</responseDeclaration>
	<outcomeDeclaration identifier="SCORE" cardinality="single" baseType="integer">
		<defaultValue>
			<value>0</value>
		</defaultValue>
	</outcomeDeclaration>
	<itemBody>
		<p>村田<hq5:ruby><hq5:rb>真</hq5:rb><hq5:rt>まこと</hq5:rt></hq5:ruby>の出身地はどこですか</p>
		
		<choiceInteraction responseIdentifier="RESPONSE" shuffle="true" maxChoices="1">
			<prompt>選びなさい</prompt>
			<simpleChoice identifier="ChoiceHK"><hq5:ruby><hq5:rb>北海道</hq5:rb><hq5:rt>ほっかいどう</hq5:rt></hq5:ruby></simpleChoice>
			<simpleChoice identifier="ChoiceTH">東北</simpleChoice>
			<simpleChoice identifier="ChoiceHR">北陸</simpleChoice>
			<simpleChoice identifier="ChoiceKT">関東</simpleChoice>
			<simpleChoice identifier="ChoiceKST">甲信越</simpleChoice>
			<simpleChoice identifier="ChoiceKK">近畿</simpleChoice>
			<simpleChoice identifier="ChoiceKS">関西</simpleChoice>
			<simpleChoice identifier="ChoiceSK">四国</simpleChoice>
			<simpleChoice identifier="ChoiceTC">中国</simpleChoice>
			<simpleChoice identifier="ChoiceKY">九州</simpleChoice>
		</choiceInteraction>
	</itemBody>
	<responseProcessing
		template="http://www.imsglobal.org/question/qti_v2p2/rptemplates/match_correct"/>
</assessmentItem>
