<?xml version="1.0" encoding="UTF-8"?>
<assessmentItem xmlns="http://www.imsglobal.org/xsd/imsqti_v2p2"
    xmlns:xsi="http://www.w3.org/2001/XMLSchema-instance"
    xmlns:qh5="http://www.imsglobal.org/xsd/imsqtiv2p2_html5_v1p0"
    xsi:schemaLocation="http://www.imsglobal.org/xsd/imsqti_v2p2  http://www.imsglobal.org/xsd/qti/qtiv2p2/imsqti_v2p2p2.xsd"
    identifier="figures" title="Castles" adaptive="false" timeDependent="false">
    <responseDeclaration identifier="RESPONSE" cardinality="single" baseType="identifier">
        <correctResponse>
            <value>ChoiceA</value>
        </correctResponse>
    </responseDeclaration>
    <outcomeDeclaration identifier="SCORE" cardinality="single" baseType="float">
        <defaultValue>
            <value>0</value>
        </defaultValue>
    </outcomeDeclaration>
    <itemBody>
        <div>
            <qh5:figure>
                <img src="images/castle.png" alt="A castle" height="250" width="200"/>
                <qh5:figcaption>Figure 1: A beautiful castle.</qh5:figcaption>
            </qh5:figure>
        </div>
        <choiceInteraction responseIdentifier="RESPONSE" shuffle="true" maxChoices="1">
            <prompt>What is the name of the castle above?</prompt>
            <simpleChoice identifier="ChoiceA">Neuschwanstein Castle</simpleChoice>
            <simpleChoice identifier="ChoiceB">Fortress of Knights</simpleChoice>
            <simpleChoice identifier="ChoiceC">Edinburgh Castle</simpleChoice>
        </choiceInteraction>
    </itemBody>
    <responseProcessing template="http://www.imsglobal.org/question/qti_v2p2/rptemplates/match_correct"/>
</assessmentItem>
