<?xml version="1.0" encoding="UTF-8"?>
<assessmentItem xmlns="http://www.imsglobal.org/xsd/imsqti_v2p2"
	xmlns:xsi="http://www.w3.org/2001/XMLSchema-instance"
	xsi:schemaLocation="http://www.imsglobal.org/xsd/imsqti_v2p2  http://www.imsglobal.org/xsd/qti/qtiv2p2/imsqti_v2p2p2.xsd"
	identifier="order" title="Grand Prix של בחריין" adaptive="false" timeDependent="false">
	<responseDeclaration identifier="RESPONSE" cardinality="ordered" baseType="identifier">
		<correctResponse>
			<value>DriverC</value>
			<value>DriverA</value>
			<value>DriverB</value>
		</correctResponse>
	</responseDeclaration>
	<outcomeDeclaration identifier="SCORE" cardinality="single" baseType="float"/>
	<itemBody>
	  <div dir="rtl">
		<orderInteraction responseIdentifier="RESPONSE" shuffle="true">
			<prompt><bdo dir="ltr">F1</bdo> הנהגים הבאים סיימו על הפודיום בגרנד פרי בחריין הראשון אי פעם.אתה יכול לארגן אותם בסדר נכון הגמר?</prompt>
			<simpleChoice identifier="DriverA"><bdo dir="ltr">Rubens Barrichello</bdo></simpleChoice>
			<simpleChoice identifier="DriverB"><bdo dir="ltr">Jenson Button</bdo></simpleChoice>
			<simpleChoice identifier="DriverC" fixed="true"><bdo dir="ltr">Michael Schumacher</bdo></simpleChoice>
		</orderInteraction>
	  </div>
	</itemBody>
	<responseProcessing
		template="http://www.imsglobal.org/question/qti_v2p2/rptemplates/match_correct"/>
</assessmentItem>

