<?xml version="1.0" encoding="UTF-8" standalone="no"?>
<assessmentItem xmlns="http://www.imsglobal.org/xsd/imsqtiasi_v3p0"
  xmlns:xsi="http://www.w3.org/2001/XMLSchema-instance"
  xsi:schemaLocation="http://www.imsglobal.org/xsd/imsqtiasi_v3p0 http://www.imsglobal.org/xsd/qti/qtiv3p0/imsqti_itemv3p0_v1p0.xsd" 
  adaptive="false" identifier="qti3-extended-text-01" timeDependent="false" title="Writing a Postcard 1 - Extended Text - qti3">
  <responseDeclaration baseType="string" cardinality="single" identifier="RESPONSE"/>
  <outcomeDeclaration baseType="float" cardinality="single" identifier="SCORE"/>
  <itemBody>
    <div class="row">
      <div class="span8">
        <p>Read this postcard from your English pen-friend, Sam.</p>
        <div>
          <object data="images/postcard.png" type="image/png">
            <blockquote class="postcard">
              <p>
                Here is a postcard of my town. Please send me<br/> a postcard from your town.
                What size is your<br/> town? What is the nicest part of your town?<br/>
                Where do you go in the evenings?<br/> Sam.
              </p>
            </blockquote>
          </object>
        </div>
        <qti-extended-text-interaction class="qti-height-lines-3" format="plain"  expected-length="200" response-identifier="RESPONSE">
          <qti-prompt><p><br />Write Sam a postcard.  Answer the questions.  Write 25-35 words.</p></qti-prompt>
        </qti-extended-text-interaction>
      </div>
    </div>
  </itemBody>
</assessmentItem>